idioma,frase,palavra,lema,classe_universal,classe_especifica,tracos_morfologicos
pt,1,Onde,onde,ADV,,
pt,1,está,estar,VERB,,Mood=Ind|Number=Sing|Person=3|Tense=Pres|VerbForm=Fin
pt,1,aquele,aquele,PRON,,Gender=Masc|Number=Sing|PronType=Dem
pt,1,que,que,PRON,,Gender=Masc|Number=Sing|PronType=Rel
pt,1,é,ser,AUX,,Mood=Ind|Number=Sing|Person=3|Tense=Pres|VerbForm=Fin
pt,1,nascido,nascer,VERB,,Gender=Masc|Number=Sing|VerbForm=Part|Voice=Pass
pt,1,o,o,DET,,Definite=Def|Gender=Masc|Number=Sing|PronType=Art
pt,1,rei,rei,NOUN,,Gender=Masc|Number=Sing
pt,1,de,de,ADP,,
pt,1,o,o,DET,,Definite=Def|Gender=Masc|Number=Sing|PronType=Art
pt,1,Judeus,judeu,PROPN,,Gender=Masc|Number=Sing
pt,1,?,?,PUNCT,,
pt,2,Pois,pois,ADV,,
pt,2,vimos,vir,VERB,,Mood=Ind|Number=Plur|Person=1|Tense=Pres|VerbForm=Fin
pt,2,a,o,DET,,Definite=Def|Gender=Fem|Number=Sing|PronType=Art
pt,2,sua,seu,DET,,Gender=Fem|Number=Sing|PronType=Prs
pt,2,estrela,estrela,NOUN,,Gender=Fem|Number=Sing
pt,2,em,em,ADP,,
pt,2,o,o,DET,,Definite=Def|Gender=Masc|Number=Sing|PronType=Art
pt,2,Oriente,Oriente,PROPN,,Gender=Masc|Number=Sing
pt,2,e,e,CCONJ,,
pt,2,viemos,vir,VERB,,Mood=Ind|Number=Plur|Person=1|Tense=Pres|VerbForm=Fin
pt,2,adorá,adorar,VERB,,VerbForm=Inf
pt,2,lo,ele,PRON,,Case=Acc|Gender=Masc|Number=Sing|Person=3|PronType=Prs
pt,2,.,.,PUNCT,,
pt,3,Ovindo,ovir,VERB,,Number=Sing|VerbForm=Fin
pt,3,isso,isso,PRON,,Gender=Masc|Number=Sing|PronType=Dem
pt,3,",",",",PUNCT,,
pt,3,o,o,DET,,Definite=Def|Gender=Masc|Number=Sing|PronType=Art
pt,3,rei,rei,NOUN,,Gender=Masc|Number=Sing
pt,3,Aeróides,Aeróides,PROPN,,Gender=Masc|Number=Sing
pt,3,ficou,ficar,VERB,,Mood=Ind|Number=Sing|Person=3|Tense=Past|VerbForm=Fin
pt,3,perturbado,perturbado,ADJ,,Gender=Masc|Number=Sing
pt,3,com,com,ADP,,
pt,3,ele,ele,PRON,,Gender=Masc|Number=Sing|Person=3|PronType=Prs
pt,3,e,e,CCONJ,,
pt,3,toda,todo,DET,,Gender=Fem|Number=Sing|PronType=Tot
pt,3,a,a,ADP,,
pt,3,Jerusalém,Jerusalém,PROPN,,Gender=Masc|Number=Sing
pt,3,.,.,PUNCT,,
pt,4,Reunindo,reunir,VERB,,VerbForm=Ger
pt,4,todos,todo,DET,,Gender=Masc|Number=Plur|PronType=Tot
pt,4,os,o,DET,,Definite=Def|Gender=Masc|Number=Plur|PronType=Art
pt,4,principais,principal,ADJ,,Gender=Masc|Number=Plur
pt,4,sacerdotes,sacerdote,NOUN,,Gender=Masc|Number=Plur
pt,4,e,e,CCONJ,,
pt,4,as,o,DET,,Definite=Def|Gender=Fem|Number=Plur|PronType=Art
pt,4,escribas,escriba,NOUN,,Gender=Fem|Number=Plur
pt,4,de,de,ADP,,
pt,4,o,o,DET,,Definite=Def|Gender=Masc|Number=Sing|PronType=Art
pt,4,povo,povo,NOUN,,Gender=Masc|Number=Sing
pt,4,",",",",PUNCT,,
pt,4,perguntou,perguntar,VERB,,Mood=Ind|Number=Sing|Person=3|Tense=Past|VerbForm=Fin
pt,4,lhes,eles,PRON,,Case=Dat|Gender=Masc|Number=Plur|Person=3|PronType=Prs
pt,4,onde,onde,PRON,,Gender=Masc|Number=Plur|PronType=Rel
pt,4,as,o,DET,,Definite=Def|Gender=Fem|Number=Plur|PronType=Art
pt,4,pessoas,pessoa,NOUN,,Gender=Fem|Number=Plur
pt,4,estão,estar,AUX,,Mood=Ind|Number=Plur|Person=3|Tense=Pres|VerbForm=Fin
pt,4,.,.,PUNCT,,
pt,5,Onde,onde,ADV,,
pt,5,está,estar,VERB,,Mood=Ind|Number=Sing|Person=3|Tense=Pres|VerbForm=Fin
pt,5,aquele,aquele,PRON,,Gender=Masc|Number=Sing|PronType=Dem
pt,5,que,que,PRON,,Gender=Masc|Number=Sing|PronType=Rel
pt,5,é,ser,AUX,,Mood=Ind|Number=Sing|Person=3|Tense=Pres|VerbForm=Fin
pt,5,nascido,nascer,VERB,,Gender=Masc|Number=Sing|VerbForm=Part|Voice=Pass
pt,5,o,o,DET,,Definite=Def|Gender=Masc|Number=Sing|PronType=Art
pt,5,rei,rei,NOUN,,Gender=Masc|Number=Sing
pt,5,de,de,ADP,,
pt,5,o,o,DET,,Definite=Def|Gender=Masc|Number=Sing|PronType=Art
pt,5,Judeus,judeu,PROPN,,Gender=Masc|Number=Sing
pt,5,?,?,PUNCT,,
pt,6,Pois,pois,ADV,,
pt,6,vimos,vir,VERB,,Mood=Ind|Number=Plur|Person=1|Tense=Pres|VerbForm=Fin
pt,6,a,o,DET,,Definite=Def|Gender=Fem|Number=Sing|PronType=Art
pt,6,sua,seu,DET,,Gender=Fem|Number=Sing|PronType=Prs
pt,6,estrela,estrela,NOUN,,Gender=Fem|Number=Sing
pt,6,em,em,ADP,,
pt,6,o,o,DET,,Definite=Def|Gender=Masc|Number=Sing|PronType=Art
pt,6,Oriente,Oriente,PROPN,,Gender=Masc|Number=Sing
pt,6,e,e,CCONJ,,
pt,6,viemos,vir,VERB,,Mood=Ind|Number=Plur|Person=1|Tense=Pres|VerbForm=Fin
pt,6,adorá,adorar,VERB,,VerbForm=Inf
pt,6,lo,ele,PRON,,Case=Acc|Gender=Masc|Number=Sing|Person=3|PronType=Prs
pt,6,.,.,PUNCT,,
pt,7,Ovindo,ovir,VERB,,Number=Sing|VerbForm=Fin
pt,7,isso,isso,PRON,,Gender=Masc|Number=Sing|PronType=Dem
pt,7,",",",",PUNCT,,
pt,7,o,o,DET,,Definite=Def|Gender=Masc|Number=Sing|PronType=Art
pt,7,rei,rei,NOUN,,Gender=Masc|Number=Sing
pt,7,Aeróides,Aeróides,PROPN,,Gender=Masc|Number=Sing
pt,7,ficou,ficar,VERB,,Mood=Ind|Number=Sing|Person=3|Tense=Past|VerbForm=Fin
pt,7,perturbado,perturbado,ADJ,,Gender=Masc|Number=Sing
pt,7,com,com,ADP,,
pt,7,ele,ele,PRON,,Gender=Masc|Number=Sing|Person=3|PronType=Prs
pt,7,e,e,CCONJ,,
pt,7,toda,todo,DET,,Gender=Fem|Number=Sing|PronType=Tot
pt,7,a,a,ADP,,
pt,7,Jerusalém,Jerusalém,PROPN,,Gender=Masc|Number=Sing
pt,7,.,.,PUNCT,,
pt,8,Reunindo,reunir,VERB,,VerbForm=Ger
pt,8,todos,todo,DET,,Gender=Masc|Number=Plur|PronType=Tot
pt,8,os,o,DET,,Definite=Def|Gender=Masc|Number=Plur|PronType=Art
pt,8,principais,principal,ADJ,,Gender=Masc|Number=Plur
pt,8,sacerdotes,sacerdote,NOUN,,Gender=Masc|Number=Plur
pt,8,e,e,CCONJ,,
pt,8,as,o,DET,,Definite=Def|Gender=Fem|Number=Plur|PronType=Art
pt,8,escribas,escriba,NOUN,,Gender=Fem|Number=Plur
pt,8,de,de,ADP,,
pt,8,o,o,DET,,Definite=Def|Gender=Masc|Number=Sing|PronType=Art
pt,8,povo,povo,NOUN,,Gender=Masc|Number=Sing
pt,8,",",",",PUNCT,,
pt,8,perguntou,perguntar,VERB,,Mood=Ind|Number=Sing|Person=3|Tense=Past|VerbForm=Fin
pt,8,lhes,eles,PRON,,Case=Dat|Gender=Masc|Number=Plur|Person=3|PronType=Prs
pt,8,onde,onde,ADV,,
pt,8,havia,haver,VERB,,ExtPos=AUX|Mood=Ind|Number=Sing|Person=3|Tense=Imp|VerbForm=Fin
pt,8,de,de,SCONJ,,
pt,8,nascer,nascer,VERB,,VerbForm=Inf
pt,8,o,o,DET,,Definite=Def|Gender=Masc|Number=Sing|PronType=Art
pt,8,Cristo,Cristo,PROPN,,Gender=Masc|Number=Sing
pt,8,.,.,PUNCT,,
pt,9,Eles,eles,PRON,,Case=Nom|Gender=Masc|Number=Plur|Person=3|PronType=Prs
pt,9,lhe,ele,PRON,,Case=Dat|Gender=Masc|Number=Sing|Person=3|PronType=Prs
pt,9,responderam,responder,VERB,,Mood=Ind|Number=Plur|Person=3|Tense=Past|VerbForm=Fin
pt,9,em,em,ADP,,
pt,9,Belém,Belém,PROPN,,Gender=Masc|Number=Sing
pt,9,",",",",PUNCT,,
pt,9,de,de,ADP,,
pt,9,a,o,DET,,Definite=Def|Gender=Fem|Number=Sing|PronType=Art
pt,9,Judeus,judeu,PROPN,,Gender=Masc|Number=Sing
pt,9,",",",",PUNCT,,
pt,9,pois,pois,SCONJ,,
pt,9,assim,assim,ADV,,
pt,9,",",",",PUNCT,,
pt,9,está,estar,AUX,,Mood=Ind|Number=Sing|Person=3|Tense=Pres|VerbForm=Fin
pt,9,escrito,escrever,VERB,,Gender=Masc|Number=Sing|VerbForm=Part|Voice=Pass
pt,9,por,por,ADP,,
pt,9,o,o,DET,,Definite=Def|Gender=Masc|Number=Sing|PronType=Art
pt,9,profeta,profeta,NOUN,,Gender=Masc|Number=Sing
pt,9,Belém,Belém,PROPN,,Gender=Masc|Number=Sing
pt,9,",",",",PUNCT,,
pt,9,derra,derrar,VERB,,Mood=Ind|Number=Sing|Person=3|Tense=Pres|VerbForm=Fin
pt,9,de,de,SCONJ,,
pt,9,judar,judar,VERB,,VerbForm=Inf
pt,9,",",",",PUNCT,,
pt,9,de,de,ADP,,
pt,9,modo,modo,NOUN,,Gender=Masc|Number=Sing
pt,9,nenhum,nenhum,DET,,Gender=Masc|Number=Sing|PronType=Neg
pt,9,examenor,examenor,NOUN,,Gender=Masc|Number=Sing
pt,9,entre,entre,ADP,,
pt,9,as,o,DET,,Definite=Def|Gender=Fem|Number=Plur|PronType=Art
pt,9,minores,minor,NOUN,,Gender=Fem|Number=Plur
pt,9,",",",",PUNCT,,
pt,9,entre,entre,ADP,,
pt,9,as,o,DET,,Definite=Def|Gender=Fem|Number=Plur|PronType=Art
pt,9,principais,principal,ADJ,,Gender=Fem|Number=Plur
pt,9,cidades,cidade,NOUN,,Gender=Fem|Number=Plur
pt,9,de,de,SCONJ,,
pt,9,judar,judar,VERB,,VerbForm=Inf
pt,9,",",",",PUNCT,,
pt,9,porque,porque,SCONJ,,
pt,9,de,de,ADP,,
pt,9,ti,tu,PRON,,Number=Sing|Person=1|PronType=Prs
pt,9,sairá,sair,VERB,,Mood=Ind|Number=Sing|Person=3|Tense=Fut|VerbForm=Fin
pt,9,a,a,ADP,,
pt,9,o,o,DET,,Definite=Def|Gender=Masc|Number=Sing|PronType=Art
pt,9,governador,governador,NOUN,,Gender=Masc|Number=Sing
pt,9,",",",",PUNCT,,
pt,9,que,que,PRON,,Gender=Masc|Number=Sing|PronType=Rel
pt,9,há,haver,VERB,,ExtPos=AUX|Mood=Ind|Number=Sing|Person=3|Tense=Pres|VerbForm=Fin
pt,9,de,de,SCONJ,,
pt,9,apacentar,apacentar,VERB,,VerbForm=Inf
pt,9,o,o,DET,,Definite=Def|Gender=Masc|Number=Sing|PronType=Art
pt,9,meu,meu,DET,,Gender=Masc|Number=Sing|PronType=Prs
pt,9,povo,povo,NOUN,,Gender=Masc|Number=Sing
pt,9,Israel,Israel,PROPN,,Gender=Masc|Number=Sing
pt,9,.,.,PUNCT,,
pt,10,Então,então,ADV,,
pt,10,Aeróides,Aeróides,PROPN,,Gender=Masc|Number=Sing
pt,10,chamou,chamar,VERB,,Mood=Ind|Number=Sing|Person=3|Tense=Past|VerbForm=Fin
pt,10,secretamente,secretamente,ADV,,
pt,10,os,o,DET,,Definite=Def|Gender=Masc|Number=Plur|PronType=Art
pt,10,magos,mago,NOUN,,Gender=Masc|Number=Plur
pt,10,e,e,CCONJ,,
pt,10,perguntou,perguntar,VERB,,Mood=Ind|Number=Sing|Person=3|Tense=Past|VerbForm=Fin
pt,10,lhes,eles,PRON,,Case=Dat|Gender=Masc|Number=Plur|Person=3|PronType=Prs
pt,10,exatamente,exatamente,ADV,,
pt,10,em,em,ADP,,
pt,10,que,que,DET,,Gender=Masc|Number=Sing|PronType=Int
pt,10,tempo,tempo,NOUN,,Gender=Masc|Number=Sing
pt,10,a,o,DET,,Definite=Def|Gender=Fem|Number=Sing|PronType=Art
pt,10,estrela,estrela,NOUN,,Gender=Fem|Number=Sing
pt,10,tinha,ter,AUX,,Mood=Ind|Number=Sing|Person=3|Tense=Imp|VerbForm=Fin
pt,10,parecido,parecer,VERB,,VerbForm=Part
pt,10,",",",",PUNCT,,
pt,10,enviou,enviar,VERB,,Mood=Ind|Number=Sing|Person=3|Tense=Past|VerbForm=Fin
pt,10,os,o,DET,,Definite=Def|Gender=Masc|Number=Plur|PronType=Art
pt,10,abelentes,abelente,NOUN,,Gender=Masc|Number=Plur
pt,10,e,e,CCONJ,,
pt,10,de,de,SCONJ,,
pt,10,e,e,CCONJ,,
pt,10,perguntar,perguntar,VERB,,VerbForm=Inf
pt,10,e,e,CCONJ,,
pt,10,",",",",PUNCT,,
pt,10,diligentemente,diligentemente,ADV,,
pt,10,por,por,ADP,,
pt,10,o,o,DET,,Definite=Def|Gender=Masc|Number=Sing|PronType=Art
pt,10,menino,menino,NOUN,,Gender=Masc|Number=Sing
pt,10,",",",",PUNCT,,
pt,10,não,não,ADV,,Polarity=Neg
pt,10,.,.,PUNCT,,
pt,11,Quando,quando,SCONJ,,
pt,11,encontrar,encontrar,VERB,,Mood=Sub|Number=Sing|Person=3|Tense=Fut|VerbForm=Fin
pt,11,des,des,ADP,,
pt,11,",",",",PUNCT,,
pt,11,a,a,ADP,,
pt,11,visime,visime,NOUN,,Gender=Fem|Number=Sing
pt,11,para,para,SCONJ,,
pt,11,que,que,SCONJ,,
pt,11,eu,eu,PRON,,Case=Nom|Gender=Masc|Number=Sing|Person=1|PronType=Prs
pt,11,também,também,ADV,,
pt,11,vá,ir,VERB,,Mood=Sub|Number=Sing|Person=3|Tense=Pres|VerbForm=Fin
pt,11,adorá,adorar,VERB,,VerbForm=Inf
pt,11,lo,ele,PRON,,Case=Acc|Gender=Masc|Number=Sing|Person=3|PronType=Prs
pt,11,.,.,PUNCT,,
pt,12,Ovindo,ovindo,ADJ,,Gender=Masc|Number=Sing
pt,12,rei,rei,NOUN,,Gender=Masc|Number=Sing
pt,12,eles,eles,PRON,,Case=Nom|Gender=Masc|Number=Plur|Person=3|PronType=Prs
pt,12,partiram,partir,VERB,,Mood=Ind|Number=Plur|Person=3|Tense=Past|VerbForm=Fin
pt,12,e,e,CCONJ,,
pt,12,é,ser,AUX,,Mood=Ind|Number=Sing|Person=3|Tense=Pres|VerbForm=Fin
pt,12,isso,isso,PRON,,Gender=Masc|Number=Sing|PronType=Dem
pt,12,que,que,SCONJ,,
pt,12,a,o,DET,,Definite=Def|Gender=Fem|Number=Sing|PronType=Art
pt,12,estrela,estrela,NOUN,,Gender=Fem|Number=Sing
pt,12,que,que,PRON,,Gender=Fem|Number=Sing|PronType=Rel
pt,12,tinham,ter,AUX,,Mood=Ind|Number=Plur|Person=3|Tense=Imp|VerbForm=Fin
pt,12,visto,ver,VERB,,VerbForm=Part
pt,12,em,em,ADP,,
pt,12,o,o,DET,,Definite=Def|Gender=Masc|Number=Sing|PronType=Art
pt,12,Oriente,Oriente,PROPN,,Gender=Masc|Number=Sing
pt,12,e,e,CCONJ,,
pt,12,é,ser,AUX,,Mood=Ind|Number=Sing|Person=3|Tense=Pres|VerbForm=Fin
pt,12,diante,diante,ADV,,ExtPos=ADP
pt,12,de,de,ADP,,
pt,12,eles,eles,PRON,,Gender=Masc|Number=Plur|Person=3|PronType=Prs
pt,12,",",",",PUNCT,,
pt,12,até,até,SCONJ,,
pt,12,que,que,SCONJ,,
pt,12,chegando,chegar,VERB,,VerbForm=Ger
pt,12,para,para,ADP,,
pt,12,o,o,PRON,,Case=Acc|Gender=Masc|Number=Sing|Person=3|PronType=Prs
pt,12,sobre,sobre,ADP,,
pt,12,o,o,DET,,Definite=Def|Gender=Masc|Number=Sing|PronType=Art
pt,12,lugar,lugar,NOUN,,Gender=Masc|Number=Sing
pt,12,onde,onde,PRON,,Gender=Masc|Number=Sing|PronType=Rel
pt,12,estava,estar,AUX,,Mood=Ind|Number=Sing|Person=3|Tense=Imp|VerbForm=Fin
pt,12,o,o,DET,,Definite=Def|Gender=Masc|Number=Sing|PronType=Art
pt,12,menino,menino,NOUN,,Gender=Masc|Number=Sing
pt,12,.,.,PUNCT,,
pt,13,Quando,quando,SCONJ,,
pt,13,viram,ver,VERB,,Mood=Ind|Number=Plur|Person=3|Tense=Pres|VerbForm=Fin
pt,13,a,o,DET,,Definite=Def|Gender=Fem|Number=Sing|PronType=Art
pt,13,estrela,estrela,NOUN,,Gender=Fem|Number=Sing
pt,13,",",",",PUNCT,,
pt,13,encheram,encherar,VERB,,Mood=Ind|Number=Plur|Person=3|Tense=Past|VerbForm=Fin
pt,13,se,se,PRON,,Case=Acc|Gender=Masc|Number=Plur|Person=3|PronType=Prs
pt,13,de,de,ADP,,
pt,13,grande,grande,ADJ,,Gender=Fem|Number=Sing
pt,13,alegria,alegria,NOUN,,Gender=Fem|Number=Sing
pt,13,",",",",PUNCT,,
pt,13,né,né,ADV,,
pt,13,?,?,PUNCT,,
pt,14,Entraram,entrar,VERB,,Mood=Ind|Number=Plur|Person=3|Tense=Past|VerbForm=Fin
pt,14,em,em,ADP,,
pt,14,a,o,DET,,Definite=Def|Gender=Fem|Number=Sing|PronType=Art
pt,14,casa,casa,NOUN,,Gender=Fem|Number=Sing
pt,14,",",",",PUNCT,,
pt,14,viram,ver,VERB,,Mood=Ind|Number=Plur|Person=3|Tense=Pres|VerbForm=Fin
pt,14,menino,menino,NOUN,,Gender=Masc|Number=Sing
pt,14,com,com,ADP,,
pt,14,Maria,Maria,PROPN,,ExtPos=PROPN|Gender=Fem|Number=Sing
pt,14,sua,seu,DET,,Gender=Fem|Number=Sing|PronType=Prs
pt,14,mãe,mãe,NOUN,,Gender=Fem|Number=Sing
pt,14,e,e,CCONJ,,
pt,14,",",",",PUNCT,,
pt,14,prostrando,prostrar,VERB,,VerbForm=Ger
pt,14,se,se,PRON,,Case=Acc|Gender=Masc|Number=Sing|Person=3|PronType=Prs
pt,14,diante,diante,ADV,,ExtPos=ADP
pt,14,de,de,ADP,,
pt,14,ele,ele,PRON,,Gender=Masc|Number=Sing|Person=3|PronType=Prs
pt,14,",",",",PUNCT,,
pt,14,começaram,começar,VERB,,ExtPos=AUX|Mood=Ind|Number=Plur|Person=3|Tense=Past|VerbForm=Fin
pt,14,a,a,SCONJ,,
pt,14,adorá,adorar,VERB,,VerbForm=Inf
pt,14,lo,ele,PRON,,Case=Acc|Gender=Masc|Number=Sing|Person=3|PronType=Prs
pt,14,.,.,PUNCT,,
pt,15,Abrindo,abrir,VERB,,VerbForm=Ger
pt,15,seus,seu,DET,,Gender=Masc|Number=Plur|PronType=Prs
pt,15,tesouros,tesouro,NOUN,,Gender=Masc|Number=Plur
pt,15,",",",",PUNCT,,
pt,15,ofereceram,oferecer,VERB,,Mood=Ind|Number=Plur|Person=3|Tense=Past|VerbForm=Fin
pt,15,lhe,ele,PRON,,Case=Dat|Gender=Masc|Number=Sing|Person=3|PronType=Prs
pt,15,presentes,presente,NOUN,,Gender=Masc|Number=Plur
pt,15,",",",",PUNCT,,
pt,15,ouro,ouro,NOUN,,Gender=Masc|Number=Sing
pt,15,",",",",PUNCT,,
pt,15,insenso,insenso,NOUN,,Gender=Masc|Number=Sing
pt,15,e,e,CCONJ,,
pt,15,imíra,imíra,NOUN,,Gender=Fem|Number=Sing
pt,15,",",",",PUNCT,,
pt,15,avisados,avisar,VERB,,Gender=Masc|Number=Plur|VerbForm=Part
pt,15,em,em,ADP,,
pt,15,sonhos,sonho,NOUN,,Gender=Masc|Number=Plur
pt,15,para,para,SCONJ,,
pt,15,não,não,ADV,,Polarity=Neg
pt,15,voltarem,voltar,VERB,,Number=Plur|Person=3|VerbForm=Inf
pt,15,a,a,ADP,,
pt,15,Aeróides,Aeróides,PROPN,,Gender=Masc|Number=Sing
pt,15,",",",",PUNCT,,
pt,15,voltaram,voltar,VERB,,Mood=Ind|Number=Plur|Person=3|Tense=Past|VerbForm=Fin
pt,15,para,para,ADP,,
pt,15,sua,seu,DET,,Gender=Fem|Number=Sing|PronType=Prs
pt,15,terra,terra,NOUN,,Gender=Fem|Number=Sing
pt,15,por,por,ADP,,
pt,15,outro,outro,DET,,Gender=Masc|Number=Sing|PronType=Ind
pt,15,caminho,caminho,NOUN,,Gender=Masc|Number=Sing
pt,15,.,.,PUNCT,,
pt,16,Depois,depois,ADV,,ExtPos=SCONJ
pt,16,que,que,SCONJ,,
pt,16,eles,eles,PRON,,Case=Nom|Gender=Masc|Number=Plur|Person=3|PronType=Prs
pt,16,partiram,partir,VERB,,Mood=Ind|Number=Plur|Person=3|Tense=Past|VerbForm=Fin
pt,16,",",",",PUNCT,,
pt,16,é,ser,AUX,,Mood=Ind|Number=Sing|Person=3|Tense=Pres|VerbForm=Fin
pt,16,isso,isso,PRON,,Gender=Masc|Number=Sing|PronType=Dem
pt,16,que,que,PRON,,Gender=Masc|Number=Sing|PronType=Rel
pt,16,um,um,DET,,Definite=Ind|Gender=Masc|Number=Sing|PronType=Art
pt,16,anjo,anjo,NOUN,,Gender=Masc|Number=Sing
pt,16,de,de,ADP,,
pt,16,o,o,DET,,Definite=Def|Gender=Masc|Number=Sing|PronType=Art
pt,16,Senhor,Senhor,NOUN,,Gender=Masc|Number=Sing
pt,16,apareceu,aparecer,VERB,,Mood=Ind|Number=Sing|Person=3|Tense=Past|VerbForm=Fin
pt,16,a,a,ADP,,
pt,16,José,José,PROPN,,Gender=Masc|Number=Sing
pt,16,em,em,ADP,,
pt,16,sonhos,sonho,NOUN,,Gender=Masc|Number=Plur
pt,16,e,e,CCONJ,,
pt,16,disse,dizer,VERB,,Mood=Ind|Number=Sing|Person=3|Tense=Past|VerbForm=Fin
pt,16,",",",",PUNCT,,
pt,16,levanta,levantar,VERB,,Mood=Ind|Number=Sing|Person=3|Tense=Pres|VerbForm=Fin
pt,16,te,tu,PRON,,Case=Acc|Number=Sing|Person=1|PronType=Prs
pt,16,a,o,DET,,Definite=Def|Gender=Fem|Number=Sing|PronType=Art
pt,16,tua,tua,DET,,Gender=Fem|Number=Sing|PronType=Prs
pt,16,menino,menino,NOUN,,Gender=Masc|Number=Sing
pt,16,e,e,CCONJ,,
pt,16,sua,seu,DET,,Gender=Fem|Number=Sing|PronType=Prs
pt,16,mãe,mãe,NOUN,,Gender=Fem|Number=Sing
pt,16,em,em,SCONJ,,
pt,16,foge,fugir,VERB,,Mood=Ind|Number=Sing|Person=3|Tense=Pres|VerbForm=Fin
pt,16,para,para,ADP,,
pt,16,o,o,DET,,Definite=Def|Gender=Masc|Number=Sing|PronType=Art
pt,16,Egito,Egito,PROPN,,Gender=Masc|Number=Sing
pt,16,e,e,CCONJ,,
pt,16,fica,ficar,VERB,,Mood=Ind|Number=Sing|Person=3|Tense=Pres|VerbForm=Fin
pt,16,lá,lá,ADV,,
pt,16,",",",",PUNCT,,
pt,16,até,até,ADP,,
pt,16,que,que,SCONJ,,
pt,16,eu,eu,PRON,,Case=Nom|Gender=Masc|Number=Sing|Person=1|PronType=Prs
pt,16,te,tu,PRON,,Case=Acc|Number=Sing|Person=1|PronType=Prs
pt,16,avisei,avisar,VERB,,Mood=Ind|Number=Sing|Person=1|Tense=Past|VerbForm=Fin
pt,16,.,.,PUNCT,,
pt,17,Porque,porque,SCONJ,,
pt,17,Aeróides,Aeróides,PROPN,,Gender=Masc|Number=Sing
pt,17,há,haver,VERB,,ExtPos=AUX|Mood=Ind|Number=Sing|Person=3|Tense=Pres|VerbForm=Fin
pt,17,de,de,SCONJ,,
pt,17,procurar,procurar,VERB,,VerbForm=Inf
pt,17,o,o,DET,,Definite=Def|Gender=Masc|Number=Sing|PronType=Art
pt,17,menino,menino,NOUN,,Gender=Masc|Number=Sing
pt,17,para,para,SCONJ,,
pt,17,o,o,PRON,,Case=Acc|Gender=Masc|Number=Sing|Person=3|PronType=Prs
pt,17,matar,matar,VERB,,VerbForm=Inf
pt,17,.,.,PUNCT,,
pt,18,Então,então,ADV,,
pt,18,ele,ele,PRON,,Case=Nom|Gender=Masc|Number=Sing|Person=3|PronType=Prs
pt,18,se,se,PRON,,Case=Acc|Gender=Masc|Number=Sing|Person=3|PronType=Prs
pt,18,levantou,levantar,VERB,,Mood=Ind|Number=Sing|Person=3|Tense=Past|VerbForm=Fin
pt,18,",",",",PUNCT,,
pt,18,tomou,tomar,VERB,,Mood=Ind|Number=Sing|Person=3|Tense=Past|VerbForm=Fin
pt,18,menino,menino,NOUN,,Gender=Masc|Number=Sing
pt,18,e,e,CCONJ,,
pt,18,sua,seu,DET,,Gender=Fem|Number=Sing|PronType=Prs
pt,18,mãe,mãe,NOUN,,Gender=Fem|Number=Sing
pt,18,durante,durante,ADP,,
pt,18,a,o,DET,,Definite=Def|Gender=Fem|Number=Sing|PronType=Art
pt,18,noite,noite,NOUN,,Gender=Fem|Number=Sing
pt,18,e,e,CCONJ,,
pt,18,foi,ir,VERB,,Mood=Ind|Number=Sing|Person=3|Tense=Past|VerbForm=Fin
pt,18,para,para,ADP,,
pt,18,o,o,DET,,Definite=Def|Gender=Masc|Number=Sing|PronType=Art
pt,18,Egito,Egito,PROPN,,Gender=Masc|Number=Sing
pt,18,onde,onde,PRON,,Gender=Masc|Number=Sing|PronType=Rel
pt,18,",",",",PUNCT,,
pt,18,para,para,ADP,,
pt,18,o,o,DET,,Definite=Def|Gender=Masc|Number=Sing|PronType=Art
pt,18,Egito,Egito,PROPN,,Gender=Masc|Number=Sing
pt,18,onde,onde,PRON,,Gender=Masc|Number=Sing|PronType=Rel
pt,18,ficou,ficar,VERB,,Mood=Ind|Number=Sing|Person=3|Tense=Past|VerbForm=Fin
pt,18,até,até,ADP,,
pt,18,a,o,DET,,Definite=Def|Gender=Fem|Number=Sing|PronType=Art
pt,18,morte,morte,NOUN,,Gender=Fem|Number=Sing
pt,18,.,.,PUNCT,,
pt,19,De,de,ADP,,
pt,19,Aeróides,Aeróides,PROPN,,Gender=Masc|Number=Sing
pt,19,",",",",PUNCT,,
pt,19,para,para,SCONJ,,
pt,19,que,que,SCONJ,,
pt,19,se,se,PRON,,Case=Acc|PronType=Prs
pt,19,cumprisse,cumprir,VERB,,Mood=Sub|Number=Sing|Person=3|Tense=Imp|VerbForm=Fin
pt,19,o,o,PRON,,Gender=Masc|Number=Sing|PronType=Dem
pt,19,que,que,PRON,,Gender=Masc|Number=Sing|PronType=Rel
pt,19,for,ser,AUX,,Mood=Sub|Number=Sing|Person=3|Tense=Fut|VerbForm=Fin
pt,19,adito,aditar,VERB,,Gender=Masc|Number=Sing|VerbForm=Part|Voice=Pass
pt,19,por,por,ADP,,
pt,19,o,o,DET,,Definite=Def|Gender=Masc|Number=Sing|PronType=Art
pt,19,Senhor,Senhor,NOUN,,Gender=Masc|Number=Sing
pt,19,",",",",PUNCT,,
pt,19,por,por,ADP,,
pt,19,o,o,DET,,Definite=Def|Gender=Masc|Number=Sing|PronType=Art
pt,19,profeta,profeta,NOUN,,Gender=Masc|Number=Sing
pt,19,de,de,ADP,,
pt,19,o,o,DET,,Definite=Def|Gender=Masc|Number=Sing|PronType=Art
pt,19,Egito,Egito,PROPN,,Gender=Masc|Number=Sing
pt,19,chameu,chamer,VERB,,Mood=Ind|Number=Sing|Person=3|Tense=Past|VerbForm=Fin
pt,19,meu,meu,DET,,Gender=Masc|Number=Sing|PronType=Prs
pt,19,filho,filho,NOUN,,Gender=Masc|Number=Sing
pt,19,.,.,PUNCT,,
pt,20,Então,então,ADV,,
pt,20,Aeróides,Aeróides,PROPN,,Gender=Masc|Number=Sing
pt,20,",",",",PUNCT,,
pt,20,vendo,ver,VERB,,VerbForm=Ger
pt,20,que,que,SCONJ,,
pt,20,os,o,DET,,Definite=Def|Gender=Masc|Number=Plur|PronType=Art
pt,20,magos,mago,NOUN,,Gender=Masc|Number=Plur
pt,20,bombavam,bombavar,VERB,,Mood=Ind|Number=Plur|Person=3|Tense=Imp|VerbForm=Fin
pt,20,de,de,ADP,,
pt,20,ele,ele,PRON,,Gender=Masc|Number=Sing|Person=3|PronType=Prs
pt,20,e,e,CCONJ,,
pt,20,ficou,ficar,VERB,,Mood=Ind|Number=Sing|Person=3|Tense=Past|VerbForm=Fin
pt,20,muito,muito,ADV,,
pt,20,irado,irado,ADJ,,Gender=Masc|Number=Sing
pt,20,",",",",PUNCT,,
pt,20,e,e,CCONJ,,
pt,20,mandou,mandar,VERB,,Mood=Ind|Number=Sing|Person=3|Tense=Past|VerbForm=Fin
pt,20,matar,matar,VERB,,VerbForm=Inf
pt,20,todos,todo,DET,,Gender=Masc|Number=Plur|PronType=Tot
pt,20,os,o,DET,,Definite=Def|Gender=Masc|Number=Plur|PronType=Art
pt,20,meninos,menino,NOUN,,Gender=Masc|Number=Plur
pt,20,de,de,ADP,,
pt,20,dois,dois,NUM,,NumType=Card
pt,20,anos,ano,NOUN,,Gender=Masc|Number=Plur
pt,20,para,para,ADP,,
pt,20,o,o,DET,,Definite=Def|Gender=Masc|Number=Sing|PronType=Art
pt,20,baixo,baixo,NOUN,,Gender=Masc|Number=Sing
pt,20,que,que,PRON,,Gender=Masc|Number=Sing|PronType=Rel
pt,20,havia,haver,VERB,,Mood=Ind|Number=Sing|Person=3|Tense=Imp|VerbForm=Fin
pt,20,em,em,ADP,,
pt,20,Belém,Belém,PROPN,,Gender=Masc|Number=Sing
pt,20,e,e,CCONJ,,
pt,20,em,em,ADP,,
pt,20,toda,todo,DET,,Gender=Fem|Number=Sing|PronType=Tot
pt,20,a,o,DET,,Definite=Def|Gender=Fem|Number=Sing|PronType=Art
pt,20,região,região,NOUN,,Gender=Fem|Number=Sing
pt,20,circunvizinha,circunvizinho,ADJ,,Gender=Fem|Number=Sing
pt,20,",",",",PUNCT,,
pt,20,conforme,conforme,ADP,,
pt,20,o,o,DET,,Definite=Def|Gender=Masc|Number=Sing|PronType=Art
pt,20,tempo,tempo,NOUN,,Gender=Masc|Number=Sing
pt,20,exato,exato,ADJ,,Gender=Masc|Number=Sing
pt,20,que,que,PRON,,Gender=Masc|Number=Sing|PronType=Rel
pt,20,ele,ele,PRON,,Case=Nom|Gender=Masc|Number=Sing|Person=3|PronType=Prs
pt,20,havia,haver,AUX,,Mood=Ind|Number=Sing|Person=3|Tense=Imp|VerbForm=Fin
pt,20,informado,informar,VERB,,Gender=Masc|Number=Sing|VerbForm=Part
pt,20,de,de,ADP,,
pt,20,os,o,DET,,Definite=Def|Gender=Masc|Number=Plur|PronType=Art
pt,20,magos,mago,NOUN,,Gender=Masc|Number=Plur
pt,20,",",",",PUNCT,,
pt,20,ouraia,ouraia,NOUN,,Gender=Fem|Number=Sing
pt,20,",",",",PUNCT,,
pt,20,então,então,ADV,,
pt,20,se,se,SCONJ,,
pt,20,cumpri,cumprir,VERB,,Mood=Ind|Number=Sing|Person=1|Tense=Past|VerbForm=Fin
pt,20,o,o,PRON,,Gender=Masc|Number=Sing|PronType=Dem
pt,20,que,que,PRON,,Gender=Masc|Number=Sing|PronType=Rel
pt,20,foi,ser,AUX,,Mood=Ind|Number=Sing|Person=3|Tense=Past|VerbForm=Fin
pt,20,dito,dizer,VERB,,Gender=Masc|Number=Sing|VerbForm=Part|Voice=Pass
pt,20,por,por,ADP,,
pt,20,o,o,DET,,Definite=Def|Gender=Masc|Number=Sing|PronType=Art
pt,20,profeta,profeta,NOUN,,Gender=Masc|Number=Sing
pt,20,",",",",PUNCT,,
pt,20,geremias,gerer,VERB,,Mood=Ind|Number=Plur|Person=3|Tense=Pres|VerbForm=Fin
pt,20,uma,um,DET,,Definite=Ind|Gender=Fem|Number=Sing|PronType=Art
pt,20,voz,voz,NOUN,,Gender=Fem|Number=Sing
pt,20,.,.,PUNCT,,
pt,21,Seu,seu,DET,,Gender=Masc|Number=Sing|PronType=Prs
pt,21,viu,ver,VERB,,Mood=Ind|Number=Sing|Person=3|Tense=Past|VerbForm=Fin
pt,21,em,em,SCONJ,,
pt,21,ramar,ramar,VERB,,VerbForm=Inf
pt,21,lamentação,lamentação,NOUN,,Gender=Fem|Number=Sing
pt,21,",",",",PUNCT,,
pt,21,choro,chorar,VERB,,Mood=Ind|Number=Sing|Person=1|Tense=Pres|VerbForm=Fin
pt,21,e,e,CCONJ,,
pt,21,grande,grande,ADJ,,Gender=Masc|Number=Sing
pt,21,pranto,pranto,NOUN,,Gender=Masc|Number=Sing
pt,21,",",",",PUNCT,,
pt,21,e,e,CCONJ,,
pt,21,é,ser,AUX,,Mood=Ind|Number=Sing|Person=3|Tense=Pres|VerbForm=Fin
pt,21,ódio,ódio,NOUN,,Gender=Masc|Number=Sing
pt,21,",",",",PUNCT,,
pt,21,rá,rá,SCONJ,,
pt,21,que,que,SCONJ,,
pt,21,é,ser,AUX,,Mood=Ind|Number=Sing|Person=3|Tense=Pres|VerbForm=Fin
pt,21,o,o,PRON,,Case=Acc|Gender=Masc|Number=Sing|Person=3|PronType=Prs
pt,21,chorando,chorar,VERB,,VerbForm=Ger
pt,21,seus,seu,DET,,Gender=Masc|Number=Plur|PronType=Prs
pt,21,filhos,filho,NOUN,,Gender=Masc|Number=Plur
pt,21,e,e,CCONJ,,
pt,21,não,não,ADV,,Polarity=Neg
pt,21,querendo,querer,VERB,,VerbForm=Ger
pt,21,ser,ser,AUX,,VerbForm=Inf
pt,21,consolada,consolar,VERB,,Gender=Fem|Number=Sing|VerbForm=Part|Voice=Pass
pt,21,",",",",PUNCT,,
pt,21,porque,porque,SCONJ,,
pt,21,eles,eles,PRON,,Case=Nom|Gender=Masc|Number=Plur|Person=3|PronType=Prs
pt,21,já,já,ADV,,
pt,21,não,não,ADV,,Polarity=Neg
pt,21,existem,existir,VERB,,Mood=Ind|Number=Plur|Person=3|Tense=Pres|VerbForm=Fin
pt,21,",",",",PUNCT,,
pt,21,mas,mas,CCONJ,,
pt,21,depois,depois,ADV,,
pt,21,",",",",PUNCT,,
pt,21,Aeróides,Aeróides,PROPN,,Gender=Masc|Number=Sing
pt,21,morreu,morrer,VERB,,Mood=Ind|Number=Sing|Person=3|Tense=Past|VerbForm=Fin
pt,21,e,e,CCONJ,,
pt,21,o,o,DET,,Definite=Def|Gender=Masc|Number=Sing|PronType=Art
pt,21,Egito,Egito,PROPN,,Gender=Masc|Number=Sing
pt,21,",",",",PUNCT,,
pt,21,um,um,DET,,Definite=Ind|Gender=Masc|Number=Sing|PronType=Art
pt,21,anjo,anjo,NOUN,,Gender=Masc|Number=Sing
pt,21,de,de,ADP,,
pt,21,o,o,DET,,Definite=Def|Gender=Masc|Number=Sing|PronType=Art
pt,21,Senhor,Senhor,NOUN,,Gender=Masc|Number=Sing
pt,21,apareceu,aparecer,VERB,,Mood=Ind|Number=Sing|Person=3|Tense=Past|VerbForm=Fin
pt,21,em,em,ADP,,
pt,21,sonhos,sonho,NOUN,,Gender=Masc|Number=Plur
pt,21,e,e,CCONJ,,
pt,21,em,em,ADP,,
pt,21,o,o,DET,,Definite=Def|Gender=Masc|Number=Sing|PronType=Art
pt,21,Egito,Egito,PROPN,,Gender=Masc|Number=Sing
pt,21,dizendo,dizer,VERB,,VerbForm=Ger
pt,21,",",",",PUNCT,,
pt,21,levanta,levantar,VERB,,Mood=Ind|Number=Sing|Person=3|Tense=Pres|VerbForm=Fin
pt,21,de,de,ADP,,
pt,21,tomso,tomso,NOUN,,Gender=Masc|Number=Sing
pt,21,",",",",PUNCT,,
pt,21,o,o,DET,,Definite=Def|Gender=Masc|Number=Sing|PronType=Art
pt,21,menino,menino,NOUN,,Gender=Masc|Number=Sing
pt,21,e,e,CCONJ,,
pt,21,sua,seu,DET,,Gender=Fem|Number=Sing|PronType=Prs
pt,21,mãe,mãe,NOUN,,Gender=Fem|Number=Sing
pt,21,vai,ir,VERB,,Mood=Ind|Number=Sing|Person=3|Tense=Pres|VerbForm=Fin
pt,21,para,para,ADP,,
pt,21,a,o,DET,,Definite=Def|Gender=Fem|Number=Sing|PronType=Art
pt,21,Terra,terra,NOUN,,Gender=Fem|Number=Sing
pt,21,de,de,ADP,,
pt,21,Israel,Israel,PROPN,,Gender=Masc|Number=Sing
pt,21,",",",",PUNCT,,
pt,21,porque,porque,SCONJ,,
pt,21,já,já,ADV,,
pt,21,morreram,morrer,VERB,,Mood=Ind|Number=Plur|Person=3|Tense=Past|VerbForm=Fin
pt,21,os,o,PRON,,Gender=Masc|Number=Plur|PronType=Dem
pt,21,que,que,PRON,,Gender=Masc|Number=Plur|PronType=Rel
pt,21,atentavam,atentar,VERB,,Mood=Ind|Number=Plur|Person=3|Tense=Imp|VerbForm=Fin
pt,21,contra,contra,ADP,,
pt,21,a,o,DET,,Definite=Def|Gender=Fem|Number=Sing|PronType=Art
pt,21,vida,vida,NOUN,,Gender=Fem|Number=Sing
pt,21,de,de,ADP,,
pt,21,o,o,DET,,Definite=Def|Gender=Masc|Number=Sing|PronType=Art
pt,21,menino,menino,NOUN,,Gender=Masc|Number=Sing
pt,21,.,.,PUNCT,,
pt,22,Ele,ele,PRON,,Case=Nom|Gender=Masc|Number=Sing|Person=3|PronType=Prs
pt,22,se,se,PRON,,Case=Acc|Gender=Masc|Number=Sing|Person=3|PronType=Prs
pt,22,levantou,levantar,VERB,,Mood=Ind|Number=Sing|Person=3|Tense=Past|VerbForm=Fin
pt,22,",",",",PUNCT,,
pt,22,todo,todo,PRON,,Gender=Masc|Number=Sing|PronType=Tot
pt,22,tomou,tomar,VERB,,Mood=Ind|Number=Sing|Person=3|Tense=Past|VerbForm=Fin
pt,22,o,o,DET,,Definite=Def|Gender=Masc|Number=Sing|PronType=Art
pt,22,menino,menino,NOUN,,Gender=Masc|Number=Sing
pt,22,e,e,CCONJ,,
pt,22,o,o,DET,,Definite=Def|Gender=Masc|Number=Sing|PronType=Art
pt,22,seu,seu,DET,,Gender=Masc|Number=Sing|PronType=Prs
pt,22,mãe,mãe,NOUN,,Gender=Masc|Number=Sing
pt,22,",",",",PUNCT,,
pt,22,e,e,CCONJ,,
pt,22,foi,ir,VERB,,Mood=Ind|Number=Sing|Person=3|Tense=Past|VerbForm=Fin
pt,22,para,para,ADP,,
pt,22,a,o,DET,,Definite=Def|Gender=Fem|Number=Sing|PronType=Art
pt,22,Terra,terra,NOUN,,Gender=Fem|Number=Sing
pt,22,de,de,ADP,,
pt,22,Israel,Israel,PROPN,,Number=Sing
pt,22,.,.,PUNCT,,
pt,23,Mas,mas,CCONJ,,
pt,23,quando,quando,SCONJ,,
pt,23,viu,ver,VERB,,Mood=Ind|Number=Sing|Person=3|Tense=Past|VerbForm=Fin
pt,23,que,que,SCONJ,,
pt,23,Aerke,Aerke,PROPN,,ExtPos=PROPN|Gender=Masc|Number=Sing
pt,23,lau,lau,PROPN,,Number=Sing
pt,23,reinava,reinar,VERB,,Mood=Ind|Number=Sing|Person=3|Tense=Imp|VerbForm=Fin
pt,23,em,em,ADP,,
pt,23,a,o,DET,,Definite=Def|Gender=Fem|Number=Sing|PronType=Art
pt,23,Judéia,Judéia,PROPN,,Gender=Fem|Number=Sing
pt,23,",",",",PUNCT,,
pt,23,em,em,ADP,,
pt,23,lugar,lugar,NOUN,,Gender=Masc|Number=Sing
pt,23,de,de,ADP,,
pt,23,seu,seu,DET,,Gender=Masc|Number=Sing|PronType=Prs
pt,23,pai,pai,NOUN,,Gender=Masc|Number=Sing
pt,23,Aeróides,Aeróides,PROPN,,Gender=Masc|Number=Sing
pt,23,",",",",PUNCT,,
pt,23,teve,ter,VERB,,Mood=Ind|Number=Sing|Person=3|Tense=Past|VerbForm=Fin
pt,23,medo,medo,NOUN,,Gender=Masc|Number=Sing
pt,23,de,de,SCONJ,,
pt,23,ir,ir,VERB,,VerbForm=Inf
pt,23,para,para,ADP,,
pt,23,lá,lá,ADV,,
pt,23,.,.,PUNCT,,
pt,24,Avizado,avizar,VERB,,Gender=Masc|Number=Sing|VerbForm=Part
pt,24,em,em,ADP,,
pt,24,sonhos,sonho,NOUN,,Gender=Masc|Number=Plur
pt,24,",",",",PUNCT,,
pt,24,retirou,retirar,VERB,,Mood=Ind|Number=Sing|Person=3|Tense=Past|VerbForm=Fin
pt,24,se,se,PRON,,Case=Acc|Gender=Masc|Number=Sing|Person=3|PronType=Prs
pt,24,para,para,ADP,,
pt,24,a,o,DET,,Definite=Def|Gender=Fem|Number=Sing|PronType=Art
pt,24,região,região,NOUN,,Gender=Fem|Number=Sing
pt,24,de,de,ADP,,
pt,24,a,o,DET,,Definite=Def|Gender=Fem|Number=Sing|PronType=Art
pt,24,Galilei,Galilei,PROPN,,Gender=Fem|Number=Sing
pt,24,e,e,CCONJ,,
pt,24,foi,ir,VERB,,ExtPos=AUX|Mood=Ind|Number=Sing|Person=3|Tense=Past|VerbForm=Fin
pt,24,a,a,SCONJ,,
pt,24,bitar,bitar,VERB,,VerbForm=Inf
pt,24,",",",",PUNCT,,
pt,24,em,em,ADP,,
pt,24,uma,um,DET,,Definite=Ind|Gender=Fem|Number=Sing|PronType=Art
pt,24,cidade,cidade,NOUN,,Gender=Fem|Number=Sing
pt,24,chamada,chamar,VERB,,Gender=Fem|Number=Sing|VerbForm=Part
pt,24,em,em,ADP,,
pt,24,as,o,DET,,Definite=Def|Gender=Fem|Number=Plur|PronType=Art
pt,24,areas,area,NOUN,,Gender=Fem|Number=Plur
pt,24,para,para,SCONJ,,
pt,24,que,que,SCONJ,,
pt,24,se,se,PRON,,Case=Acc|Gender=Fem|Number=Sing|Person=3|PronType=Prs
pt,24,cumpri,cumprir,VERB,,Mood=Sub|Number=Sing|Person=3|Tense=Imp|VerbForm=Fin
pt,24,se,se,PRON,,Case=Acc|Gender=Fem|Number=Sing|Person=3|PronType=Prs
pt,24,.,.,PUNCT,,
pt,25,O,o,PRON,,Gender=Masc|Number=Sing|PronType=Dem
pt,25,que,que,PRON,,Gender=Masc|Number=Sing|PronType=Rel
pt,25,for,ser,AUX,,Mood=Sub|Number=Sing|Person=3|Tense=Fut|VerbForm=Fin
pt,25,adito,aditar,VERB,,Gender=Masc|Number=Sing|VerbForm=Part|Voice=Pass
pt,25,por,por,ADP,,
pt,25,os,o,DET,,Definite=Def|Gender=Masc|Number=Plur|PronType=Art
pt,25,profetas,profeta,NOUN,,Gender=Masc|Number=Plur
pt,25,",",",",PUNCT,,
pt,25,ele,ele,PRON,,Case=Nom|Gender=Masc|Number=Sing|Person=3|PronType=Prs
pt,25,será,ser,AUX,,Mood=Ind|Number=Sing|Person=3|Tense=Fut|VerbForm=Fin
pt,25,chamado,chamar,VERB,,Gender=Masc|Number=Sing|VerbForm=Part|Voice=Pass
pt,25,",",",",PUNCT,,
pt,25,Nazarena,Nazarena,PROPN,,Gender=Masc|Number=Sing
pt,25,em,em,ADP,,
pt,25,o,o,DET,,Definite=Def|Gender=Masc|Number=Sing|PronType=Art
pt,25,Editor,editor,PROPN,,Gender=Masc|Number=Sing
pt,25,e,e,CCONJ,,
pt,25,Piano,Piano,PROPN,,Gender=Masc|Number=Sing
pt,25,.,.,PUNCT,,
en,1,Now,now,ADV,RB,
en,1,when,when,ADV,WRB,PronType=Int
en,1,Jesus,Jesus,PROPN,NNP,Number=Sing
en,1,was,be,AUX,VBD,Mood=Ind|Number=Sing|Person=3|Tense=Past|VerbForm=Fin
en,1,born,bear,VERB,VBN,Tense=Past|VerbForm=Part|Voice=Pass
en,1,in,in,ADP,IN,
en,1,Bethlehem,Bethlehem,PROPN,NNP,Number=Sing
en,1,of,of,ADP,IN,
en,1,Judea,Judea,PROPN,NNP,Number=Sing
en,1,",",",",PUNCT,",",
en,1,in,in,ADP,IN,
en,1,the,the,DET,DT,Definite=Def|PronType=Art
en,1,days,day,NOUN,NNS,Number=Plur
en,1,of,of,ADP,IN,
en,1,King,King,PROPN,NNP,Number=Sing
en,1,Herod,Herod,PROPN,NNP,Number=Sing
en,1,.,.,PUNCT,.,
en,2,Behold,behold,INTJ,UH,
en,2,",",",",PUNCT,",",
en,2,wise,wise,ADJ,JJ,Degree=Pos
en,2,men,man,NOUN,NNS,Number=Plur
en,2,from,from,ADP,IN,
en,2,the,the,DET,DT,Definite=Def|PronType=Art
en,2,east,east,NOUN,NN,Number=Sing
en,2,came,come,VERB,VBD,Mood=Ind|Number=Plur|Person=3|Tense=Past|VerbForm=Fin
en,2,to,to,ADP,IN,
en,2,Jerusalem,Jerusalem,PROPN,NNP,Number=Sing
en,2,.,.,PUNCT,.,
en,3,Saying,say,VERB,VBG,Tense=Pres|VerbForm=Part
en,3,",",",",PUNCT,",",
en,4,Where,where,ADV,WRB,PronType=Int
en,4,is,be,AUX,VBZ,Mood=Ind|Number=Sing|Person=3|Tense=Pres|VerbForm=Fin
en,4,He,he,PRON,PRP,Case=Nom|Gender=Masc|Number=Sing|Person=3|PronType=Prs
en,4,who,who,PRON,WP,PronType=Rel
en,4,is,be,AUX,VBZ,Mood=Ind|Number=Sing|Person=3|Tense=Pres|VerbForm=Fin
en,4,born,bear,VERB,VBN,Tense=Past|VerbForm=Part|Voice=Pass
en,4,King,King,PROPN,NNP,Number=Sing
en,4,of,of,ADP,IN,
en,4,the,the,DET,DT,Definite=Def|PronType=Art
en,4,Jews,Jew,PROPN,NNPS,Number=Plur
en,4,?,?,PUNCT,.,
en,5,For,for,SCONJ,IN,
en,5,we,we,PRON,PRP,Case=Nom|Number=Plur|Person=1|PronType=Prs
en,5,saw,see,VERB,VBD,Mood=Ind|Number=Plur|Person=1|Tense=Past|VerbForm=Fin
en,5,His,his,PRON,PRP$,Case=Gen|Gender=Masc|Number=Sing|Person=3|Poss=Yes|PronType=Prs
en,5,star,star,NOUN,NN,Number=Sing
en,5,in,in,ADP,IN,
en,5,the,the,DET,DT,Definite=Def|PronType=Art
en,5,east,east,NOUN,NN,Number=Sing
en,5,and,and,CCONJ,CC,
en,5,have,have,AUX,VBP,Mood=Ind|Number=Plur|Person=1|Tense=Pres|VerbForm=Fin
en,5,come,come,VERB,VBN,Tense=Past|VerbForm=Part
en,5,to,to,PART,TO,
en,5,worship,worship,VERB,VB,VerbForm=Inf
en,5,Him,he,PRON,PRP,Case=Acc|Gender=Masc|Number=Sing|Person=3|PronType=Prs
en,5,.,.,PUNCT,.,
en,6,When,when,ADV,WRB,PronType=Int
en,6,King,King,PROPN,NNP,Number=Sing
en,6,Herod,Herod,PROPN,NNP,Number=Sing
en,6,heard,hear,VERB,VBD,Mood=Ind|Number=Sing|Person=3|Tense=Past|VerbForm=Fin
en,6,it,it,PRON,PRP,Case=Acc|Gender=Neut|Number=Sing|Person=3|PronType=Prs
en,6,",",",",PUNCT,",",
en,6,he,he,PRON,PRP,Case=Nom|Gender=Masc|Number=Sing|Person=3|PronType=Prs
en,6,was,be,AUX,VBD,Mood=Ind|Number=Sing|Person=3|Tense=Past|VerbForm=Fin
en,6,troubled,trouble,VERB,VBN,Tense=Past|VerbForm=Part|Voice=Pass
en,6,.,.,PUNCT,.,
en,7,And,and,CCONJ,CC,
en,7,all,all,DET,PDT,PronType=Tot
en,7,Jerusalem,Jerusalem,PROPN,NNP,Number=Sing
en,7,with,with,ADP,IN,
en,7,him,he,PRON,PRP,Case=Acc|Gender=Masc|Number=Sing|Person=3|PronType=Prs
en,7,.,.,PUNCT,.,
en,8,Gathering,gather,VERB,VBG,Tense=Pres|VerbForm=Part
en,8,together,together,ADV,RB,
en,8,all,all,DET,PDT,PronType=Tot
en,8,the,the,DET,DT,Definite=Def|PronType=Art
en,8,chief,chief,ADJ,JJ,Degree=Pos
en,8,priests,priest,NOUN,NNS,Number=Plur
en,8,and,and,CCONJ,CC,
en,8,scribes,scribe,NOUN,NNS,Number=Plur
en,8,of,of,ADP,IN,
en,8,the,the,DET,DT,Definite=Def|PronType=Art
en,8,people,person,NOUN,NNS,Number=Plur
en,8,.,.,PUNCT,.,
en,9,He,he,PRON,PRP,Case=Nom|Gender=Masc|Number=Sing|Person=3|PronType=Prs
en,9,asked,ask,VERB,VBD,Mood=Ind|Number=Sing|Person=3|Tense=Past|VerbForm=Fin
en,9,them,they,PRON,PRP,Case=Acc|Number=Plur|Person=3|PronType=Prs
en,9,where,where,ADV,WRB,PronType=Int
en,9,the,the,DET,DT,Definite=Def|PronType=Art
en,9,Christ,Christ,PROPN,NNP,Number=Sing
en,9,would,would,AUX,MD,VerbForm=Fin
en,9,be,be,AUX,VB,VerbForm=Inf
en,9,born,bear,VERB,VBN,Tense=Past|VerbForm=Part|Voice=Pass
en,9,.,.,PUNCT,.,
en,10,They,they,PRON,PRP,Case=Nom|Number=Plur|Person=3|PronType=Prs
en,10,said,say,VERB,VBD,Mood=Ind|Number=Plur|Person=3|Tense=Past|VerbForm=Fin
en,10,to,to,ADP,IN,
en,10,him,he,PRON,PRP,Case=Acc|Gender=Masc|Number=Sing|Person=3|PronType=Prs
en,10,:,:,PUNCT,:,
en,11,In,in,ADP,IN,
en,11,Bethlehem,Bethlehem,PROPN,NNP,Number=Sing
en,11,of,of,ADP,IN,
en,11,Judea,Judea,PROPN,NNP,Number=Sing
en,11,",",",",PUNCT,",",
en,11,for,for,SCONJ,IN,
en,11,thus,thus,ADV,RB,
en,11,it,it,PRON,PRP,Case=Nom|Gender=Neut|Number=Sing|Person=3|PronType=Prs
en,11,is,be,AUX,VBZ,Mood=Ind|Number=Sing|Person=3|Tense=Pres|VerbForm=Fin
en,11,written,write,VERB,VBN,Tense=Past|VerbForm=Part|Voice=Pass
en,11,through,through,ADP,IN,
en,11,the,the,DET,DT,Definite=Def|PronType=Art
en,11,prophet,prophet,NOUN,NN,Number=Sing
en,11,.,.,PUNCT,.,
en,12,You,you,PRON,PRP,Case=Nom|Person=2|PronType=Prs
en,12,",",",",PUNCT,",",
en,12,Bethlehem,Bethlehem,PROPN,NNP,Number=Sing
en,12,",",",",PUNCT,",",
en,12,land,land,NOUN,NN,Number=Sing
en,12,of,of,ADP,IN,
en,12,Judah,Judah,PROPN,NNP,Number=Sing
en,12,",",",",PUNCT,",",
en,12,are,be,AUX,VBP,Mood=Ind|Number=Plur|Person=3|Tense=Pres|VerbForm=Fin
en,12,in,in,ADP,IN,
en,12,no,no,DET,DT,PronType=Neg
en,12,way,way,NOUN,NN,Number=Sing
en,12,least,least,ADJ,JJS,Degree=Sup
en,12,among,among,ADP,IN,
en,12,the,the,DET,DT,Definite=Def|PronType=Art
en,12,princes,prince,NOUN,NNS,Number=Plur
en,12,of,of,ADP,IN,
en,12,Judah,Judah,PROPN,NNP,Number=Sing
en,12,.,.,PUNCT,.,
en,13,For,for,ADP,IN,
en,13,out,out,ADP,IN,
en,13,of,of,ADP,IN,
en,13,you,you,PRON,PRP,Case=Acc|Person=2|PronType=Prs
en,13,shall,shall,AUX,MD,VerbForm=Fin
en,13,come,come,VERB,VB,VerbForm=Inf
en,13,forth,forth,ADV,RB,
en,13,a,a,DET,DT,Definite=Ind|PronType=Art
en,13,governor,governor,NOUN,NN,Number=Sing
en,13,who,who,PRON,WP,PronType=Rel
en,13,shall,shall,AUX,MD,VerbForm=Fin
en,13,shepherd,shepher,VERB,VB,VerbForm=Inf
en,13,My,my,PRON,PRP$,Case=Gen|Number=Sing|Person=1|Poss=Yes|PronType=Prs
en,13,people,person,NOUN,NNS,Number=Plur
en,13,Israel,Israel,PROPN,NNP,Number=Sing
en,13,.,.,PUNCT,.,
en,14,Then,then,ADV,RB,PronType=Dem
en,14,Herod,Herod,PROPN,NNP,Number=Sing
en,14,secretly,secretly,ADV,RB,
en,14,called,call,VERB,VBD,Mood=Ind|Number=Sing|Person=3|Tense=Past|VerbForm=Fin
en,14,the,the,DET,DT,Definite=Def|PronType=Art
en,14,wise,wise,ADJ,JJ,Degree=Pos
en,14,men,man,NOUN,NNS,Number=Plur
en,14,.,.,PUNCT,.,
en,15,And,and,CCONJ,CC,
en,15,learned,learn,VERB,VBD,Mood=Ind|Number=Sing|Person=3|Tense=Past|VerbForm=Fin
en,15,from,from,ADP,IN,
en,15,them,they,PRON,PRP,Case=Acc|Number=Plur|Person=3|PronType=Prs
en,15,exactly,exactly,ADV,RB,
en,15,what,what,DET,WDT,PronType=Int
en,15,time,time,NOUN,NN,Number=Sing
en,15,the,the,DET,DT,Definite=Def|PronType=Art
en,15,star,star,NOUN,NN,Number=Sing
en,15,appeared,appear,VERB,VBD,Mood=Ind|Number=Sing|Person=3|Tense=Past|VerbForm=Fin
en,15,.,.,PUNCT,.,
en,16,He,he,PRON,PRP,Case=Nom|Gender=Masc|Number=Sing|Person=3|PronType=Prs
en,16,sent,send,VERB,VBD,Mood=Ind|Number=Sing|Person=3|Tense=Past|VerbForm=Fin
en,16,them,they,PRON,PRP,Case=Acc|Number=Plur|Person=3|PronType=Prs
en,16,to,to,ADP,IN,
en,16,Bethlehem,Bethlehem,PROPN,NNP,Number=Sing
en,16,and,and,CCONJ,CC,
en,16,said,say,VERB,VBD,Mood=Ind|Number=Sing|Person=3|Tense=Past|VerbForm=Fin
en,16,:,:,PUNCT,:,
en,16,Go,go,VERB,VB,Mood=Imp|VerbForm=Fin
en,16,and,and,CCONJ,CC,
en,16,search,search,VERB,VB,Mood=Imp|VerbForm=Fin
en,16,diligently,diligently,ADV,RB,
en,16,for,for,ADP,IN,
en,16,the,the,DET,DT,Definite=Def|PronType=Art
en,16,young,young,ADJ,JJ,Degree=Pos
en,16,child,child,NOUN,NN,Number=Sing
en,16,.,.,PUNCT,.,
en,17,When,when,ADV,WRB,PronType=Int
en,17,you,you,PRON,PRP,Case=Nom|Person=2|PronType=Prs
en,17,have,have,AUX,VBP,Mood=Ind|Number=Sing|Person=2|Tense=Pres|VerbForm=Fin
en,17,found,find,VERB,VBN,Tense=Past|VerbForm=Part
en,17,him,he,PRON,PRP,Case=Acc|Gender=Masc|Number=Sing|Person=3|PronType=Prs
en,17,",",",",PUNCT,",",
en,17,bring,bring,VERB,VB,Mood=Imp|VerbForm=Fin
en,17,me,I,PRON,PRP,Case=Acc|Number=Sing|Person=1|PronType=Prs
en,17,word,word,NOUN,NN,Number=Sing
en,17,",",",",PUNCT,",",
en,17,so,so,SCONJ,IN,ExtPos=SCONJ
en,17,that,that,SCONJ,IN,
en,17,I,I,PRON,PRP,Case=Nom|Number=Sing|Person=1|PronType=Prs
en,17,also,also,ADV,RB,
en,17,may,may,AUX,MD,VerbForm=Fin
en,17,come,come,VERB,VB,VerbForm=Inf
en,17,and,and,CCONJ,CC,
en,17,worship,worship,VERB,VB,VerbForm=Inf
en,17,him,he,PRON,PRP,Case=Acc|Gender=Masc|Number=Sing|Person=3|PronType=Prs
en,17,.,.,PUNCT,.,
en,18,They,they,PRON,PRP,Case=Nom|Number=Plur|Person=3|PronType=Prs
en,18,",",",",PUNCT,",",
en,18,having,have,AUX,VBG,Tense=Pres|VerbForm=Part
en,18,heard,hear,VERB,VBN,Tense=Past|VerbForm=Part
en,18,the,the,DET,DT,Definite=Def|PronType=Art
en,18,King,King,PROPN,NNP,Number=Sing
en,18,",",",",PUNCT,",",
en,18,went,go,VERB,VBD,Mood=Ind|Number=Plur|Person=3|Tense=Past|VerbForm=Fin
en,18,their,their,PRON,PRP$,Case=Gen|Number=Plur|Person=3|Poss=Yes|PronType=Prs
en,18,way,way,NOUN,NN,Number=Sing
en,18,.,.,PUNCT,.,
en,19,And,and,CCONJ,CC,
en,19,behold,behold,INTJ,UH,
en,19,",",",",PUNCT,",",
en,19,the,the,DET,DT,Definite=Def|PronType=Art
en,19,star,star,NOUN,NN,Number=Sing
en,19,which,which,PRON,WDT,PronType=Rel
en,19,they,they,PRON,PRP,Case=Nom|Number=Plur|Person=3|PronType=Prs
en,19,saw,see,VERB,VBD,Mood=Ind|Number=Plur|Person=3|Tense=Past|VerbForm=Fin
en,19,in,in,ADP,IN,
en,19,the,the,DET,DT,Definite=Def|PronType=Art
en,19,east,east,NOUN,NN,Number=Sing
en,19,went,go,VERB,VBD,Mood=Ind|Number=Plur|Person=3|Tense=Past|VerbForm=Fin
en,19,before,before,ADP,IN,
en,19,them,they,PRON,PRP,Case=Acc|Number=Plur|Person=3|PronType=Prs
en,19,.,.,PUNCT,.,
en,20,Until,until,SCONJ,IN,
en,20,it,it,PRON,PRP,Case=Nom|Gender=Neut|Number=Sing|Person=3|PronType=Prs
en,20,came,come,VERB,VBD,Mood=Ind|Number=Sing|Person=3|Tense=Past|VerbForm=Fin
en,20,and,and,CCONJ,CC,
en,20,stood,stand,VERB,VBD,Mood=Ind|Number=Sing|Person=3|Tense=Past|VerbForm=Fin
en,20,over,over,ADP,IN,
en,20,where,where,ADV,WRB,PronType=Int
en,20,the,the,DET,DT,Definite=Def|PronType=Art
en,20,young,young,ADJ,JJ,Degree=Pos
en,20,child,child,NOUN,NN,Number=Sing
en,20,was,be,AUX,VBD,Mood=Ind|Number=Sing|Person=3|Tense=Past|VerbForm=Fin
en,20,.,.,PUNCT,.,
en,21,When,when,ADV,WRB,PronType=Int
en,21,they,they,PRON,PRP,Case=Nom|Number=Plur|Person=3|PronType=Prs
en,21,saw,see,VERB,VBD,Mood=Ind|Number=Plur|Person=3|Tense=Past|VerbForm=Fin
en,21,the,the,DET,DT,Definite=Def|PronType=Art
en,21,star,star,NOUN,NN,Number=Sing
en,21,",",",",PUNCT,",",
en,21,they,they,PRON,PRP,Case=Nom|Number=Plur|Person=3|PronType=Prs
en,21,rejoiced,rejoice,VERB,VBD,Mood=Ind|Number=Plur|Person=3|Tense=Past|VerbForm=Fin
en,21,with,with,ADP,IN,
en,21,exceedingly,exceedingly,ADV,RB,
en,21,great,great,ADJ,JJ,Degree=Pos
en,21,joy,joy,NOUN,NN,Number=Sing
en,21,.,.,PUNCT,.,
en,22,They,they,PRON,PRP,Case=Nom|Number=Plur|Person=3|PronType=Prs
en,22,came,come,VERB,VBD,Mood=Ind|Number=Plur|Person=3|Tense=Past|VerbForm=Fin
en,22,into,into,ADP,IN,
en,22,the,the,DET,DT,Definite=Def|PronType=Art
en,22,house,house,NOUN,NN,Number=Sing
en,22,and,and,CCONJ,CC,
en,22,saw,see,VERB,VBD,Mood=Ind|Number=Plur|Person=3|Tense=Past|VerbForm=Fin
en,22,the,the,DET,DT,Definite=Def|PronType=Art
en,22,young,young,ADJ,JJ,Degree=Pos
en,22,child,child,NOUN,NN,Number=Sing
en,22,with,with,ADP,IN,
en,22,Mary,Mary,PROPN,NNP,Number=Sing
en,22,",",",",PUNCT,",",
en,22,his,his,PRON,PRP$,Case=Gen|Gender=Masc|Number=Sing|Person=3|Poss=Yes|PronType=Prs
en,22,mother,mother,NOUN,NN,Number=Sing
en,22,.,.,PUNCT,.,
en,23,And,and,CCONJ,CC,
en,23,they,they,PRON,PRP,Case=Nom|Number=Plur|Person=3|PronType=Prs
en,23,fell,fall,VERB,VBD,Mood=Ind|Number=Plur|Person=3|Tense=Past|VerbForm=Fin
en,23,down,down,ADP,RP,
en,23,and,and,CCONJ,CC,
en,23,worshiped,worship,VERB,VBD,Mood=Ind|Number=Plur|Person=3|Tense=Past|VerbForm=Fin
en,23,him,he,PRON,PRP,Case=Acc|Gender=Masc|Number=Sing|Person=3|PronType=Prs
en,23,.,.,PUNCT,.,
en,24,Opening,open,VERB,VBG,Tense=Pres|VerbForm=Part
en,24,their,their,PRON,PRP$,Case=Gen|Number=Plur|Person=3|Poss=Yes|PronType=Prs
en,24,treasures,treasure,NOUN,NNS,Number=Plur
en,24,",",",",PUNCT,",",
en,24,they,they,PRON,PRP,Case=Nom|Number=Plur|Person=3|PronType=Prs
en,24,offered,offer,VERB,VBD,Mood=Ind|Number=Plur|Person=3|Tense=Past|VerbForm=Fin
en,24,to,to,ADP,IN,
en,24,him,he,PRON,PRP,Case=Acc|Gender=Masc|Number=Sing|Person=3|PronType=Prs
en,24,gifts,gift,NOUN,NNS,Number=Plur
en,24,:,:,PUNCT,:,
en,24,gold,gold,NOUN,NN,Number=Sing
en,24,",",",",PUNCT,",",
en,24,frankincense,frankincense,NOUN,NN,Number=Sing
en,24,",",",",PUNCT,",",
en,24,and,and,CCONJ,CC,
en,24,myrrh,myrrh,NOUN,NN,Number=Sing
en,24,.,.,PUNCT,.,
en,25,Being,be,AUX,VBG,Tense=Pres|VerbForm=Part
en,25,warned,warn,VERB,VBN,Tense=Past|VerbForm=Part|Voice=Pass
en,25,in,in,ADP,IN,
en,25,a,a,DET,DT,Definite=Ind|PronType=Art
en,25,dream,dream,NOUN,NN,Number=Sing
en,25,not,not,PART,RB,Polarity=Neg
en,25,to,to,PART,TO,
en,25,return,return,VERB,VB,VerbForm=Inf
en,25,to,to,ADP,IN,
en,25,Herod,Herod,PROPN,NNP,Number=Sing
en,25,.,.,PUNCT,.,
en,26,They,they,PRON,PRP,Case=Nom|Number=Plur|Person=3|PronType=Prs
en,26,went,go,VERB,VBD,Mood=Ind|Number=Plur|Person=3|Tense=Past|VerbForm=Fin
en,26,back,back,ADV,RB,
en,26,to,to,ADP,IN,
en,26,their,their,PRON,PRP$,Case=Gen|Number=Plur|Person=3|Poss=Yes|PronType=Prs
en,26,own,own,ADJ,JJ,Degree=Pos
en,26,country,country,NOUN,NN,Number=Sing
en,26,another,another,DET,DT,PronType=Ind
en,26,way,way,NOUN,NN,Number=Sing
en,26,.,.,PUNCT,.,
en,27,Now,now,ADV,RB,
en,27,when,when,ADV,WRB,PronType=Int
en,27,they,they,PRON,PRP,Case=Nom|Number=Plur|Person=3|PronType=Prs
en,27,had,have,AUX,VBD,Mood=Ind|Number=Plur|Person=3|Tense=Past|VerbForm=Fin
en,27,departed,depart,VERB,VBN,Tense=Past|VerbForm=Part
en,27,",",",",PUNCT,",",
en,27,behold,behold,INTJ,UH,
en,27,",",",",PUNCT,",",
en,27,an,a,DET,DT,Definite=Ind|PronType=Art
en,27,angel,angel,NOUN,NN,Number=Sing
en,27,of,of,ADP,IN,
en,27,the,the,DET,DT,Definite=Def|PronType=Art
en,27,Lord,Lord,PROPN,NNP,Number=Sing
en,27,appeared,appear,VERB,VBD,Mood=Ind|Number=Sing|Person=3|Tense=Past|VerbForm=Fin
en,27,to,to,ADP,IN,
en,27,Joseph,Joseph,PROPN,NNP,Number=Sing
en,27,in,in,ADP,IN,
en,27,a,a,DET,DT,Definite=Ind|PronType=Art
en,27,dream,dream,NOUN,NN,Number=Sing
en,27,.,.,PUNCT,.,
en,28,Saying,say,VERB,VBG,Tense=Pres|VerbForm=Part
en,28,",",",",PUNCT,",",
en,28,Arise,arise,VERB,VB,Mood=Imp|VerbForm=Fin
en,28,and,and,CCONJ,CC,
en,28,take,take,VERB,VB,Mood=Imp|VerbForm=Fin
en,28,the,the,DET,DT,Definite=Def|PronType=Art
en,28,young,young,ADJ,JJ,Degree=Pos
en,28,child,child,NOUN,NN,Number=Sing
en,28,and,and,CCONJ,CC,
en,28,his,his,PRON,PRP$,Case=Gen|Gender=Masc|Number=Sing|Person=3|Poss=Yes|PronType=Prs
en,28,mother,mother,NOUN,NN,Number=Sing
en,28,.,.,PUNCT,.,
en,29,And,and,CCONJ,CC,
en,29,flee,flee,VERB,VB,Mood=Imp|VerbForm=Fin
en,29,into,into,ADP,IN,
en,29,Egypt,Egypt,PROPN,NNP,Number=Sing
en,29,and,and,CCONJ,CC,
en,29,stay,stay,VERB,VB,Mood=Imp|VerbForm=Fin
en,29,there,there,ADV,RB,PronType=Dem
en,29,until,until,SCONJ,IN,
en,29,I,I,PRON,PRP,Case=Nom|Number=Sing|Person=1|PronType=Prs
en,29,tell,tell,VERB,VBP,Mood=Ind|Number=Sing|Person=1|Tense=Pres|VerbForm=Fin
en,29,you,you,PRON,PRP,Case=Acc|Person=2|PronType=Prs
en,29,.,.,PUNCT,.,
en,30,For,for,SCONJ,IN,
en,30,Herod,Herod,PROPN,NNP,Number=Sing
en,30,will,will,AUX,MD,VerbForm=Fin
en,30,seek,seek,VERB,VB,VerbForm=Inf
en,30,the,the,DET,DT,Definite=Def|PronType=Art
en,30,young,young,ADJ,JJ,Degree=Pos
en,30,child,child,NOUN,NN,Number=Sing
en,30,to,to,PART,TO,
en,30,destroy,destroy,VERB,VB,VerbForm=Inf
en,30,him,he,PRON,PRP,Case=Acc|Gender=Masc|Number=Sing|Person=3|PronType=Prs
en,30,.,.,PUNCT,.,
en,31,He,he,PRON,PRP,Case=Nom|Gender=Masc|Number=Sing|Person=3|PronType=Prs
en,31,arose,arise,VERB,VBD,Mood=Ind|Number=Sing|Person=3|Tense=Past|VerbForm=Fin
en,31,and,and,CCONJ,CC,
en,31,took,take,VERB,VBD,Mood=Ind|Number=Sing|Person=3|Tense=Past|VerbForm=Fin
en,31,the,the,DET,DT,Definite=Def|PronType=Art
en,31,young,young,ADJ,JJ,Degree=Pos
en,31,child,child,NOUN,NN,Number=Sing
en,31,and,and,CCONJ,CC,
en,31,his,his,PRON,PRP$,Case=Gen|Gender=Masc|Number=Sing|Person=3|Poss=Yes|PronType=Prs
en,31,mother,mother,NOUN,NN,Number=Sing
en,31,by,by,ADP,IN,
en,31,night,night,NOUN,NN,Number=Sing
en,31,.,.,PUNCT,.,
en,32,And,and,CCONJ,CC,
en,32,departed,depart,VERB,VBD,Mood=Ind|Number=Sing|Person=3|Tense=Past|VerbForm=Fin
en,32,into,into,ADP,IN,
en,32,Egypt,Egypt,PROPN,NNP,Number=Sing
en,32,.,.,PUNCT,.,
en,33,And,and,CCONJ,CC,
en,33,was,be,AUX,VBD,Mood=Ind|Number=Sing|Person=3|Tense=Past|VerbForm=Fin
en,33,there,there,ADV,RB,PronType=Dem
en,33,until,until,ADP,IN,
en,33,the,the,DET,DT,Definite=Def|PronType=Art
en,33,death,death,NOUN,NN,Number=Sing
en,33,of,of,ADP,IN,
en,33,Herod,Herod,PROPN,NNP,Number=Sing
en,33,.,.,PUNCT,.,
en,34,That,that,SCONJ,IN,
en,34,it,it,PRON,PRP,Case=Nom|Gender=Neut|Number=Sing|Person=3|PronType=Prs
en,34,might,might,AUX,MD,VerbForm=Fin
en,34,be,be,AUX,VB,VerbForm=Inf
en,34,fulfilled,fulfil,VERB,VBN,Tense=Past|VerbForm=Part|Voice=Pass
en,34,which,which,PRON,WDT,PronType=Rel
en,34,was,be,AUX,VBD,Mood=Ind|Number=Sing|Person=3|Tense=Past|VerbForm=Fin
en,34,spoken,speak,VERB,VBN,Tense=Past|VerbForm=Part|Voice=Pass
en,34,by,by,ADP,IN,
en,34,the,the,DET,DT,Definite=Def|PronType=Art
en,34,Lord,Lord,PROPN,NNP,Number=Sing
en,34,through,through,ADP,IN,
en,34,the,the,DET,DT,Definite=Def|PronType=Art
en,34,prophet,prophet,NOUN,NN,Number=Sing
en,34,.,.,PUNCT,.,
en,35,Out,out,ADP,IN,
en,35,of,of,ADP,IN,
en,35,Egypt,Egypt,PROPN,NNP,Number=Sing
en,35,I,I,PRON,PRP,Case=Nom|Number=Sing|Person=1|PronType=Prs
en,35,called,call,VERB,VBD,Mood=Ind|Number=Sing|Person=1|Tense=Past|VerbForm=Fin
en,35,My,my,PRON,PRP$,Case=Gen|Number=Sing|Person=1|Poss=Yes|PronType=Prs
en,35,Son,Son,PROPN,NNP,Number=Sing
en,35,.,.,PUNCT,.,
en,36,Then,then,ADV,RB,PronType=Dem
en,36,Herod,Herod,PROPN,NNP,Number=Sing
en,36,",",",",PUNCT,",",
en,36,when,when,ADV,WRB,PronType=Int
en,36,he,he,PRON,PRP,Case=Nom|Gender=Masc|Number=Sing|Person=3|PronType=Prs
en,36,saw,see,VERB,VBD,Mood=Ind|Number=Sing|Person=3|Tense=Past|VerbForm=Fin
en,36,that,that,SCONJ,IN,
en,36,he,he,PRON,PRP,Case=Nom|Gender=Masc|Number=Sing|Person=3|PronType=Prs
en,36,was,be,AUX,VBD,Mood=Ind|Number=Sing|Person=3|Tense=Past|VerbForm=Fin
en,36,mocked,mock,VERB,VBN,Tense=Past|VerbForm=Part|Voice=Pass
en,36,by,by,ADP,IN,
en,36,the,the,DET,DT,Definite=Def|PronType=Art
en,36,wise,wise,ADJ,JJ,Degree=Pos
en,36,men,man,NOUN,NNS,Number=Plur
en,36,",",",",PUNCT,",",
en,36,was,be,AUX,VBD,Mood=Ind|Number=Sing|Person=3|Tense=Past|VerbForm=Fin
en,36,exceedingly,exceedingly,ADV,RB,
en,36,angry,angry,ADJ,JJ,Degree=Pos
en,36,.,.,PUNCT,.,
en,37,And,and,CCONJ,CC,
en,37,sent,send,VERB,VBD,Mood=Ind|Number=Sing|Person=1|Tense=Past|VerbForm=Fin
en,37,out,out,ADP,RP,
en,37,and,and,CCONJ,CC,
en,37,killed,kill,VERB,VBD,Mood=Ind|Number=Sing|Person=3|Tense=Past|VerbForm=Fin
en,37,all,all,DET,PDT,PronType=Tot
en,37,the,the,DET,DT,Definite=Def|PronType=Art
en,37,male,male,ADJ,JJ,Degree=Pos
en,37,children,child,NOUN,NNS,Number=Plur
en,37,who,who,PRON,WP,PronType=Rel
en,37,were,be,AUX,VBD,Mood=Ind|Number=Plur|Person=3|Tense=Past|VerbForm=Fin
en,37,in,in,ADP,IN,
en,37,Bethlehem,Bethlehem,PROPN,NNP,Number=Sing
en,37,.,.,PUNCT,.,
en,38,And,and,CCONJ,CC,
en,38,in,in,ADP,IN,
en,38,all,all,DET,PDT,PronType=Tot
en,38,the,the,DET,DT,Definite=Def|PronType=Art
en,38,surrounding,surround,VERB,VBG,VerbForm=Ger
en,38,countryside,countryside,NOUN,NN,Number=Sing
en,38,",",",",PUNCT,",",
en,38,from,from,ADP,IN,
en,38,two,two,NUM,CD,NumForm=Word|NumType=Card
en,38,years,year,NOUN,NNS,Number=Plur
en,38,old,old,ADJ,JJ,Degree=Pos
en,38,and,and,CCONJ,CC,
en,38,under,under,ADV,RB,
en,38,.,.,PUNCT,.,
en,39,According,accord,VERB,VBG,ExtPos=ADP|Tense=Pres|VerbForm=Part
en,39,to,to,ADP,IN,
en,39,the,the,DET,DT,Definite=Def|PronType=Art
en,39,exact,exact,ADJ,JJ,Degree=Pos
en,39,time,time,NOUN,NN,Number=Sing
en,39,which,which,PRON,WDT,PronType=Rel
en,39,he,he,PRON,PRP,Case=Nom|Gender=Masc|Number=Sing|Person=3|PronType=Prs
en,39,had,have,AUX,VBD,Mood=Ind|Number=Sing|Person=3|Tense=Past|VerbForm=Fin
en,39,learned,learn,VERB,VBN,Tense=Past|VerbForm=Part
en,39,from,from,ADP,IN,
en,39,the,the,DET,DT,Definite=Def|PronType=Art
en,39,wise,wise,ADJ,JJ,Degree=Pos
en,39,men,man,NOUN,NNS,Number=Plur
en,39,.,.,PUNCT,.,
en,40,Then,then,ADV,RB,PronType=Dem
en,40,that,that,PRON,DT,Number=Sing|PronType=Dem
en,40,which,which,PRON,WDT,PronType=Rel
en,40,was,be,AUX,VBD,Mood=Ind|Number=Sing|Person=3|Tense=Past|VerbForm=Fin
en,40,spoken,speak,VERB,VBN,Tense=Past|VerbForm=Part|Voice=Pass
en,40,by,by,ADP,IN,
en,40,Jeremiah,Jeremiah,PROPN,NNP,Number=Sing
en,40,the,the,DET,DT,Definite=Def|PronType=Art
en,40,prophet,prophet,NOUN,NN,Number=Sing
en,40,was,be,AUX,VBD,Mood=Ind|Number=Sing|Person=3|Tense=Past|VerbForm=Fin
en,40,fulfilled,fulfil,VERB,VBN,Tense=Past|VerbForm=Part|Voice=Pass
en,40,.,.,PUNCT,.,
en,41,Saying,say,VERB,VBG,Tense=Pres|VerbForm=Part
en,41,",",",",PUNCT,",",
en,41,A,a,DET,DT,Definite=Ind|PronType=Art
en,41,voice,voice,NOUN,NN,Number=Sing
en,41,was,be,AUX,VBD,Mood=Ind|Number=Sing|Person=3|Tense=Past|VerbForm=Fin
en,41,heard,hear,VERB,VBN,Tense=Past|VerbForm=Part|Voice=Pass
en,41,in,in,ADP,IN,
en,41,Rama,Rama,PROPN,NNP,Number=Sing
en,41,",",",",PUNCT,",",
en,41,lamentation,lamentation,NOUN,NN,Number=Sing
en,41,",",",",PUNCT,",",
en,41,weeping,weep,VERB,VBG,Tense=Pres|VerbForm=Part
en,41,",",",",PUNCT,",",
en,41,and,and,CCONJ,CC,
en,41,great,great,ADJ,JJ,Degree=Pos
en,41,mourning,mourn,NOUN,NN,Number=Sing
en,41,.,.,PUNCT,.,
en,42,Rachel,Rachel,PROPN,NNP,Number=Sing
en,42,weeping,weep,VERB,VBG,VerbForm=Ger
en,42,for,for,ADP,IN,
en,42,her,her,PRON,PRP$,Case=Gen|Gender=Fem|Number=Sing|Person=3|Poss=Yes|PronType=Prs
en,42,children,child,NOUN,NNS,Number=Plur
en,42,",",",",PUNCT,",",
en,42,and,and,CCONJ,CC,
en,42,she,she,PRON,PRP,Case=Nom|Gender=Fem|Number=Sing|Person=3|PronType=Prs
en,42,would,would,AUX,MD,VerbForm=Fin
en,42,not,not,PART,RB,Polarity=Neg
en,42,be,be,AUX,VB,VerbForm=Inf
en,42,comforted,comfort,VERB,VBN,Tense=Past|VerbForm=Part|Voice=Pass
en,42,.,.,PUNCT,.,
en,43,Because,because,SCONJ,IN,
en,43,they,they,PRON,PRP,Case=Nom|Number=Plur|Person=3|PronType=Prs
en,43,are,be,AUX,VBP,Mood=Ind|Number=Plur|Person=3|Tense=Pres|VerbForm=Fin
en,43,no,no,ADV,RB,
en,43,more,more,ADJ,JJR,Degree=Cmp
en,43,.,.,PUNCT,.,
en,44,But,but,CCONJ,CC,
en,44,when,when,ADV,WRB,PronType=Int
en,44,Herod,Herod,PROPN,NNP,Number=Sing
en,44,was,be,AUX,VBD,Mood=Ind|Number=Sing|Person=3|Tense=Past|VerbForm=Fin
en,44,dead,dead,ADJ,JJ,Degree=Pos
en,44,",",",",PUNCT,",",
en,44,behold,behold,INTJ,UH,
en,44,",",",",PUNCT,",",
en,44,an,a,DET,DT,Definite=Ind|PronType=Art
en,44,angel,angel,NOUN,NN,Number=Sing
en,44,of,of,ADP,IN,
en,44,the,the,DET,DT,Definite=Def|PronType=Art
en,44,Lord,Lord,PROPN,NNP,Number=Sing
en,44,appeared,appear,VERB,VBD,Mood=Ind|Number=Sing|Person=3|Tense=Past|VerbForm=Fin
en,44,in,in,ADP,IN,
en,44,a,a,DET,DT,Definite=Ind|PronType=Art
en,44,dream,dream,NOUN,NN,Number=Sing
en,44,to,to,ADP,IN,
en,44,Joseph,Joseph,PROPN,NNP,Number=Sing
en,44,in,in,ADP,IN,
en,44,Egypt,Egypt,PROPN,NNP,Number=Sing
en,44,.,.,PUNCT,.,
en,45,Saying,say,VERB,VBG,Tense=Pres|VerbForm=Part
en,45,",",",",PUNCT,",",
en,45,Arise,arise,VERB,VB,Mood=Imp|VerbForm=Fin
en,45,and,and,CCONJ,CC,
en,45,take,take,VERB,VB,Mood=Imp|VerbForm=Fin
en,45,the,the,DET,DT,Definite=Def|PronType=Art
en,45,young,young,ADJ,JJ,Degree=Pos
en,45,child,child,NOUN,NN,Number=Sing
en,45,and,and,CCONJ,CC,
en,45,his,his,PRON,PRP$,Case=Gen|Gender=Masc|Number=Sing|Person=3|Poss=Yes|PronType=Prs
en,45,mother,mother,NOUN,NN,Number=Sing
en,45,.,.,PUNCT,.,
en,46,And,and,CCONJ,CC,
en,46,go,go,VERB,VB,Mood=Imp|VerbForm=Fin
en,46,into,into,ADP,IN,
en,46,the,the,DET,DT,Definite=Def|PronType=Art
en,46,land,land,NOUN,NN,Number=Sing
en,46,of,of,ADP,IN,
en,46,Israel,Israel,PROPN,NNP,Number=Sing
en,46,.,.,PUNCT,.,
en,47,For,for,ADP,IN,
en,47,those,that,PRON,DT,Number=Plur|PronType=Dem
en,47,who,who,PRON,WP,PronType=Rel
en,47,sought,seek,VERB,VBD,Mood=Ind|Number=Plur|Person=3|Tense=Past|VerbForm=Fin
en,47,the,the,DET,DT,Definite=Def|PronType=Art
en,47,young,young,ADJ,JJ,Degree=Pos
en,47,child,child,NOUN,NN,Number=Sing
en,47,'s,'s,PART,POS,
en,47,life,life,NOUN,NN,Number=Sing
en,47,are,be,AUX,VBP,Mood=Ind|Number=Plur|Person=3|Tense=Pres|VerbForm=Fin
en,47,dead,dead,ADJ,JJ,Degree=Pos
en,47,.,.,PUNCT,.,
en,48,He,he,PRON,PRP,Case=Nom|Gender=Masc|Number=Sing|Person=3|PronType=Prs
en,48,arose,arise,VERB,VBD,Mood=Ind|Number=Sing|Person=3|Tense=Past|VerbForm=Fin
en,48,and,and,CCONJ,CC,
en,48,took,take,VERB,VBD,Mood=Ind|Number=Sing|Person=3|Tense=Past|VerbForm=Fin
en,48,the,the,DET,DT,Definite=Def|PronType=Art
en,48,young,young,ADJ,JJ,Degree=Pos
en,48,child,child,NOUN,NN,Number=Sing
en,48,and,and,CCONJ,CC,
en,48,his,his,PRON,PRP$,Case=Gen|Gender=Masc|Number=Sing|Person=3|Poss=Yes|PronType=Prs
en,48,mother,mother,NOUN,NN,Number=Sing
en,48,.,.,PUNCT,.,
en,49,And,and,CCONJ,CC,
en,49,came,come,VERB,VBD,Mood=Ind|Number=Sing|Person=3|Tense=Past|VerbForm=Fin
en,49,into,into,ADP,IN,
en,49,the,the,DET,DT,Definite=Def|PronType=Art
en,49,land,land,NOUN,NN,Number=Sing
en,49,of,of,ADP,IN,
en,49,Israel,Israel,PROPN,NNP,Number=Sing
en,49,.,.,PUNCT,.,
en,50,But,but,CCONJ,CC,
en,50,when,when,ADV,WRB,PronType=Int
en,50,he,he,PRON,PRP,Case=Nom|Gender=Masc|Number=Sing|Person=3|PronType=Prs
en,50,heard,hear,VERB,VBD,Mood=Ind|Number=Sing|Person=3|Tense=Past|VerbForm=Fin
en,50,that,that,SCONJ,IN,
en,50,Archelaus,Archelaus,PROPN,NNP,Number=Sing
en,50,was,be,AUX,VBD,Mood=Ind|Number=Sing|Person=3|Tense=Past|VerbForm=Fin
en,50,reigning,reign,VERB,VBG,Tense=Pres|VerbForm=Part
en,50,over,over,ADP,IN,
en,50,Judea,Judea,PROPN,NNP,Number=Sing
en,50,in,in,ADP,IN,
en,50,the,the,DET,DT,Definite=Def|PronType=Art
en,50,place,place,NOUN,NN,Number=Sing
en,50,of,of,ADP,IN,
en,50,his,his,PRON,PRP$,Case=Gen|Gender=Masc|Number=Sing|Person=3|Poss=Yes|PronType=Prs
en,50,father,father,NOUN,NN,Number=Sing
en,50,Herod,Herod,PROPN,NNP,Number=Sing
en,50,.,.,PUNCT,.,
en,51,He,he,PRON,PRP,Case=Nom|Gender=Masc|Number=Sing|Person=3|PronType=Prs
en,51,was,be,AUX,VBD,Mood=Ind|Number=Sing|Person=3|Tense=Past|VerbForm=Fin
en,51,afraid,afraid,ADJ,JJ,Degree=Pos
en,51,to,to,PART,TO,
en,51,go,go,VERB,VB,VerbForm=Inf
en,51,there,there,ADV,RB,PronType=Dem
en,51,.,.,PUNCT,.,
en,52,Being,be,AUX,VBG,Tense=Pres|VerbForm=Part
en,52,warned,warn,VERB,VBN,Tense=Past|VerbForm=Part|Voice=Pass
en,52,in,in,ADP,IN,
en,52,a,a,DET,DT,Definite=Ind|PronType=Art
en,52,dream,dream,NOUN,NN,Number=Sing
en,52,",",",",PUNCT,",",
en,52,he,he,PRON,PRP,Case=Nom|Gender=Masc|Number=Sing|Person=3|PronType=Prs
en,52,withdrew,withdraw,VERB,VBD,Mood=Ind|Number=Sing|Person=3|Tense=Past|VerbForm=Fin
en,52,into,into,ADP,IN,
en,52,the,the,DET,DT,Definite=Def|PronType=Art
en,52,region,region,NOUN,NN,Number=Sing
en,52,of,of,ADP,IN,
en,52,Galilee,Galilee,PROPN,NNP,Number=Sing
en,52,.,.,PUNCT,.,
en,53,And,and,CCONJ,CC,
en,53,came,come,VERB,VBD,Mood=Ind|Number=Sing|Person=3|Tense=Past|VerbForm=Fin
en,53,and,and,CCONJ,CC,
en,53,lived,live,VERB,VBD,Mood=Ind|Number=Sing|Person=3|Tense=Past|VerbForm=Fin
en,53,in,in,ADP,IN,
en,53,a,a,DET,DT,Definite=Ind|PronType=Art
en,53,city,city,NOUN,NN,Number=Sing
en,53,called,call,VERB,VBN,Tense=Past|VerbForm=Part|Voice=Pass
en,53,Nazareth,Nazareth,PROPN,NNP,Number=Sing
en,53,.,.,PUNCT,.,
en,54,That,that,SCONJ,IN,
en,54,it,it,PRON,PRP,Case=Nom|Gender=Neut|Number=Sing|Person=3|PronType=Prs
en,54,might,might,AUX,MD,VerbForm=Fin
en,54,be,be,AUX,VB,VerbForm=Inf
en,54,fulfilled,fulfil,VERB,VBN,Tense=Past|VerbForm=Part|Voice=Pass
en,54,which,which,PRON,WDT,PronType=Rel
en,54,was,be,AUX,VBD,Mood=Ind|Number=Sing|Person=3|Tense=Past|VerbForm=Fin
en,54,spoken,speak,VERB,VBN,Tense=Past|VerbForm=Part|Voice=Pass
en,54,through,through,ADP,IN,
en,54,the,the,DET,DT,Definite=Def|PronType=Art
en,54,prophets,prophet,NOUN,NNS,Number=Plur
en,54,.,.,PUNCT,.,
en,55,-,-,PUNCT,NFP,
en,56,He,he,PRON,PRP,Case=Nom|Gender=Masc|Number=Sing|Person=3|PronType=Prs
en,56,will,will,AUX,MD,VerbForm=Fin
en,56,be,be,AUX,VB,VerbForm=Inf
en,56,called,call,VERB,VBN,Tense=Past|VerbForm=Part|Voice=Pass
en,56,a,a,DET,DT,Definite=Ind|PronType=Art
en,56,Nazarene,Nazarene,PROPN,NNP,Number=Sing
en,56,!,!,PUNCT,.,
es,1,Cuando,cuando,SCONJ,cs,
es,1,Jesús,Jesús,PROPN,np00000,
es,1,nació,nacer,VERB,vmis3s0,Mood=Ind|Number=Sing|Person=3|Tense=Past|VerbForm=Fin
es,1,en,en,ADP,sps00,
es,1,Belén,Belén,PROPN,np00000,
es,1,de,de,ADP,,
es,1,Judea,Judea,PROPN,,
es,1,en,en,ADP,sps00,
es,1,días,día,NOUN,ncmp000,Gender=Masc|Number=Plur
es,1,de,de,ADP,spcms,
es,1,el,el,DET,,Definite=Def|Gender=Masc|Number=Sing|PronType=Art
es,1,Rey,Rey,PROPN,np00000,
es,1,Eodes,Eodes,PROPN,,
es,1,unos,uno,DET,di0mp0,Definite=Ind|Gender=Masc|Number=Plur|PronType=Art
es,1,magos,mago,NOUN,ncmp000,Gender=Masc|Number=Plur
es,1,de,de,ADP,spcms,
es,1,el,el,DET,,Definite=Def|Gender=Masc|Number=Sing|PronType=Art
es,1,Oriente,Oriente,PROPN,np00000,
es,1,",",",",PUNCT,fc,PunctType=Comm
es,1,llegaron,llegar,VERB,vmis3p0,Mood=Ind|Number=Plur|Person=3|Tense=Past|VerbForm=Fin
es,1,a,a,ADP,sps00,
es,1,Jerusalén,Jerusalén,PROPN,np00000,
es,1,y,y,CCONJ,cc,
es,1,preguntaron,preguntar,VERB,vmis3p0,Mood=Ind|Number=Plur|Person=3|Tense=Past|VerbForm=Fin
es,1,dónde,dónde,ADV,pt000000,PronType=Int
es,1,está,estar,VERB,vmip3s0,Mood=Ind|Number=Sing|Person=3|Tense=Pres|VerbForm=Fin
es,1,",",",",PUNCT,fc,PunctType=Comm
es,1,rey,rey,NOUN,ncms000,Gender=Masc|Number=Sing
es,1,de,de,ADP,sps00,
es,1,los,el,DET,da0mp0,Definite=Def|Gender=Masc|Number=Plur|PronType=Art
es,1,judíos,judío,NOUN,ncmp000,Gender=Masc|Number=Plur
es,1,que,que,PRON,pr0cn000,PronType=Rel
es,1,han,haber,AUX,vaip3p0,Mood=Ind|Number=Plur|Person=3|Tense=Pres|VerbForm=Fin
es,1,ha,haber,AUX,vaip3s0,Mood=Ind|Number=Sing|Person=3|Tense=Pres|VerbForm=Fin
es,1,sido,ser,AUX,vsp00sm,Gender=Masc|Number=Sing|Tense=Past|VerbForm=Part
es,1,",",",",PUNCT,fc,PunctType=Comm
es,1,que,que,PRON,pr0cn000,PronType=Rel
es,1,han,haber,AUX,vaip3p0,Mood=Ind|Number=Plur|Person=3|Tense=Pres|VerbForm=Fin
es,1,ha,haber,AUX,vaip3s0,Mood=Ind|Number=Sing|Person=3|Tense=Pres|VerbForm=Fin
es,1,sido,ser,AUX,vsp00sm,Gender=Masc|Number=Sing|Tense=Past|VerbForm=Part
es,1,",",",",PUNCT,fc,PunctType=Comm
es,1,porque,porque,SCONJ,cs,
es,1,hemos,haber,AUX,vaip1p0,Mood=Ind|Number=Plur|Person=1|Tense=Pres|VerbForm=Fin
es,1,visto,ver,VERB,vmp00sm,Gender=Masc|Number=Sing|Tense=Past|VerbForm=Part
es,1,su,su,DET,dp3cs0,Number=Sing|Person=3|Poss=Yes|PronType=Prs
es,1,estrellen,estrellen,NOUN,ncms000,Gender=Masc|Number=Sing
es,1,el,el,DET,da0ms0,Definite=Def|Gender=Masc|Number=Sing|PronType=Art
es,1,Oriente,Oriente,PROPN,np00000,
es,1,y,y,CCONJ,cc,
es,1,hemos,haber,AUX,vaip1p0,Mood=Ind|Number=Plur|Person=1|Tense=Pres|VerbForm=Fin
es,1,venido,venir,VERB,vmp00sm,Gender=Masc|Number=Sing|Tense=Past|VerbForm=Part
es,1,a,a,ADP,sps00,
es,1,adorar,adorar,VERB,vmn0000,VerbForm=Inf
es,1,le,él,PRON,,Case=Dat|Number=Sing|Person=3|PronType=Prs
es,1,.,.,PUNCT,fp,PunctType=Peri
es,2,A,a,ADP,spcms,
es,2,lo,él,PRON,,Case=Acc|Gender=Masc|Number=Sing|Person=3|PrepCase=Npr|PronType=Prs
es,2,ir,ir,VERB,vmn0000,VerbForm=Inf
es,2,lo,él,PRON,,Case=Acc|Gender=Masc|Number=Sing|Person=3|PrepCase=Npr|PronType=Prs
es,2,",",",",PUNCT,fc,PunctType=Comm
es,2,el,el,DET,da0ms0,Definite=Def|Gender=Masc|Number=Sing|PronType=Art
es,2,rey,rey,NOUN,ncms000,Gender=Masc|Number=Sing
es,2,Erodes,Erodes,PROPN,np00000,
es,2,",",",",PUNCT,fc,PunctType=Comm
es,2,se,él,PRON,p0300000,Case=Acc|Person=3|PrepCase=Npr|PronType=Prs|Reflex=Yes
es,2,turbó,turbar,VERB,vmis3s0,Mood=Ind|Number=Sing|Person=3|Tense=Past|VerbForm=Fin
es,2,y,y,CCONJ,cc,
es,2,con,con,ADP,sps00,
es,2,él,él,PRON,pp3ms000,"Case=Acc,Nom|Gender=Masc|Number=Sing|Person=3|PronType=Prs"
es,2,toda,todo,DET,di0fs0,Gender=Fem|Number=Sing|PronType=Tot
es,2,Jerusalén,Jerusalén,PROPN,np00000,
es,2,.,.,PUNCT,fp,PunctType=Peri
es,3,Convojo,convoner,VERB,vmip3s0,Mood=Ind|Number=Sing|Person=3|Tense=Pres|VerbForm=Fin
es,3,a,a,ADP,sps00,
es,3,todos,todo,DET,di0mp0,Gender=Masc|Number=Plur|PronType=Tot
es,3,los,el,DET,da0mp0,Definite=Def|Gender=Masc|Number=Plur|PronType=Art
es,3,principales,principal,ADJ,aq0cp0,Number=Plur
es,3,acerdotes,acerdote,NOUN,ncmp000,Gender=Masc|Number=Plur
es,3,y,y,CCONJ,cc,
es,3,escribas,escriba,NOUN,ncmp000,Gender=Masc|Number=Plur
es,3,de,de,ADP,spcms,
es,3,el,el,DET,,Definite=Def|Gender=Masc|Number=Sing|PronType=Art
es,3,pueblo,pueblo,NOUN,ncms000,Gender=Masc|Number=Sing
es,3,y,y,CCONJ,cc,
es,3,les,él,PRON,pp3cpd00,Case=Dat|Number=Plur|Person=3|PronType=Prs
es,3,preguntó,preguntar,VERB,vmis3s0,Mood=Ind|Number=Sing|Person=3|Tense=Past|VerbForm=Fin
es,3,dónde,dónde,ADV,pt000000,PronType=Int
es,3,había,haber,VERB,vaii3s0,Mood=Ind|Number=Sing|Person=3|Tense=Imp|VerbForm=Fin
es,3,de,de,ADP,sps00,
es,3,nacer,nacer,VERB,vmn0000,VerbForm=Inf
es,3,el,el,DET,da0ms0,Definite=Def|Gender=Masc|Number=Sing|PronType=Art
es,3,Cristo,Cristo,PROPN,np00000,
es,3,.,.,PUNCT,fp,PunctType=Peri
es,4,Ellos,él,PRON,pp3mp000,"Case=Acc,Nom|Gender=Masc|Number=Plur|Person=3|PronType=Prs"
es,4,le,él,PRON,pp3csd00,Case=Dat|Number=Sing|Person=3|PronType=Prs
es,4,dijeron,decir,VERB,vmis3p0,Mood=Ind|Number=Plur|Person=3|Tense=Past|VerbForm=Fin
es,4,",",",",PUNCT,fc,PunctType=Comm
es,4,Inbelén,Inbelén,PROPN,np00000,
es,4,de,de,ADP,,
es,4,Judea,Judea,PROPN,,
es,4,",",",",PUNCT,fc,PunctType=Comm
es,4,porque,porque,SCONJ,cs,
es,4,así,así,ADV,rg,
es,4,está,estar,VERB,vmip3s0,Mood=Ind|Number=Sing|Person=3|Tense=Pres|VerbForm=Fin
es,4,",",",",PUNCT,fc,PunctType=Comm
es,4,escrito,escrito,ADJ,aq0msp,Gender=Masc|Number=Sing|VerbForm=Part
es,4,por,por,ADP,sps00,
es,4,el,el,DET,da0ms0,Definite=Def|Gender=Masc|Number=Sing|PronType=Art
es,4,profeta,profeta,NOUN,ncms000,Gender=Masc|Number=Sing
es,4,Tu,tu,DET,np00000,Number=Sing|Number[psor]=Sing|Person=2|Poss=Yes|PronType=Prs
es,4,Belén,Belén,PROPN,,
es,4,.,.,PUNCT,fp,PunctType=Peri
es,5,De,de,ADP,sps00,
es,5,la,el,DET,da0fs0,Definite=Def|Gender=Fem|Number=Sing|PronType=Art
es,5,tierra,tierra,NOUN,ncfs000,Gender=Fem|Number=Sing
es,5,de,de,ADP,sps00,
es,5,Judá,Judá,PROPN,np00000,
es,5,no,no,ADV,rn,Polarity=Neg
es,5,eres,ser,AUX,vsip1s0,Mood=Ind|Number=Sing|Person=1|Tense=Pres|VerbForm=Fin
es,5,la,el,DET,da0fs0,Definite=Def|Gender=Fem|Number=Sing|PronType=Art
es,5,más,más,ADV,rg,Degree=Cmp
es,5,peña,peña,NOUN,ncfs000,Gender=Fem|Number=Sing
es,5,en,en,ADP,sps00,
es,5,los,el,DET,da0mp0,Definite=Def|Gender=Masc|Number=Plur|PronType=Art
es,5,príncipes,príncipe,NOUN,ncmp000,Gender=Masc|Number=Plur
es,5,de,de,ADP,sps00,
es,5,Judá,Judá,PROPN,np00000,
es,5,",",",",PUNCT,fc,PunctType=Comm
es,5,porque,porque,SCONJ,cs,
es,5,de,de,ADP,sps00,
es,5,ti,tú,PRON,pp1cso00,Case=Acc|Number=Sing|Person=1|PrepCase=Pre|PronType=Prs
es,5,",",",",PUNCT,fc,PunctType=Comm
es,5,saldrá,salir,VERB,vmif3s0,Mood=Ind|Number=Sing|Person=3|Tense=Fut|VerbForm=Fin
es,5,un,uno,DET,di0ms0,Definite=Ind|Gender=Masc|Number=Sing|PronType=Art
es,5,guiador,guiador,NOUN,ncms000,Gender=Masc|Number=Sing
es,5,que,que,PRON,pr0cn000,PronType=Rel
es,5,apacentará,apacentar,VERB,vmif3s0,Mood=Ind|Number=Sing|Person=3|Tense=Fut|VerbForm=Fin
es,5,a,a,ADP,sps00,
es,5,mi,mi,DET,dp1css,Number=Sing|Number[psor]=Sing|Person=1|Poss=Yes|PronType=Prs
es,5,pueblo,pueblo,NOUN,ncms000,Gender=Masc|Number=Sing
es,5,Israel,Israel,PROPN,np00000,
es,5,Bletcher,Bletcher,PROPN,,
es,5,.,.,PUNCT,fp,PunctType=Peri
es,6,Erodes,Erodes,PROPN,np00000,
es,6,llamó,llamar,VERB,vmis3s0,Mood=Ind|Number=Sing|Person=3|Tense=Past|VerbForm=Fin
es,6,en,en,ADP,rg,
es,6,secreto,secreto,NOUN,,Gender=Masc|Number=Sing
es,6,a,a,ADP,sps00,
es,6,los,el,DET,da0mp0,Definite=Def|Gender=Masc|Number=Plur|PronType=Art
es,6,magos,mago,NOUN,ncmp000,Gender=Masc|Number=Plur
es,6,y,y,CCONJ,cc,
es,6,centero,centero,NOUN,ncms000,Gender=Masc|Number=Sing
es,6,",",",",PUNCT,fc,PunctType=Comm
es,6,por,por,ADP,sps00,
es,6,ellos,él,PRON,pp3mp000,"Case=Acc,Nom|Gender=Masc|Number=Plur|Person=3|PronType=Prs"
es,6,de,de,ADP,spcms,
es,6,el,el,DET,,Definite=Def|Gender=Masc|Number=Sing|PronType=Art
es,6,tiempo,tiempo,NOUN,ncms000,Gender=Masc|Number=Sing
es,6,exacto,exacto,ADJ,aq0ms0,Gender=Masc|Number=Sing
es,6,",",",",PUNCT,fc,PunctType=Comm
es,6,en,en,ADP,sps00,
es,6,que,que,PRON,pr0cn000,PronType=Rel
es,6,había,haber,AUX,vaii3s0,Mood=Ind|Number=Sing|Person=3|Tense=Imp|VerbForm=Fin
es,6,parecido,parecer,VERB,vmp00sm,Gender=Masc|Number=Sing|Tense=Past|VerbForm=Part
es,6,la,el,DET,da0fs0,Definite=Def|Gender=Fem|Number=Sing|PronType=Art
es,6,estrella,estrella,NOUN,ncfs000,Number=Sing
es,6,.,.,PUNCT,fp,PunctType=Peri
es,7,Lo,él,PRON,pp3msa00,Case=Acc|Gender=Masc|Number=Sing|Person=3|PrepCase=Npr|PronType=Prs
es,7,sentió,sentir,VERB,vmis3s0,Mood=Ind|Number=Sing|Person=3|Tense=Past|VerbForm=Fin
es,7,a,a,ADP,sps00,
es,7,Belén,Belén,PROPN,np00000,
es,7,y,y,CCONJ,cc,
es,7,les,él,PRON,pp3cpd00,Case=Dat|Number=Plur|Person=3|PronType=Prs
es,7,dio,dar,VERB,vmis3s0,Mood=Ind|Number=Sing|Person=3|Tense=Past|VerbForm=Fin
es,7,",",",",PUNCT,fc,PunctType=Comm
es,7,y,y,CCONJ,cc,
es,7,de,de,ADP,sps00,
es,7,averuad,averuad,NOUN,ncfs000,Gender=Masc|Number=Sing
es,7,con,con,ADP,sps00,
es,7,diligencia,diligencia,NOUN,ncfs000,Gender=Fem|Number=Sing
es,7,donde,donde,ADV,pr000000,PronType=Rel
es,7,está,estar,VERB,vmip3s0,Mood=Ind|Number=Sing|Person=3|Tense=Pres|VerbForm=Fin
es,7,el,el,DET,da0ms0,Definite=Def|Gender=Masc|Number=Sing|PronType=Art
es,7,niño,niño,NOUN,ncms000,Gender=Masc|Number=Sing
es,7,.,.,PUNCT,fp,PunctType=Peri
es,8,Cuando,cuando,SCONJ,cs,
es,8,lo,él,PRON,pp3msa00,Case=Acc|Gender=Masc|Number=Sing|Person=3|PrepCase=Npr|PronType=Prs
es,8,encontréis,encontreír,VERB,vmip1p0,Mood=Ind|Number=Plur|Person=1|Tense=Pres|VerbForm=Fin
es,8,",",",",PUNCT,fc,PunctType=Comm
es,8,hacer,hacer,VERB,vmn0000,VerbForm=Inf
es,8,me,yo,PRON,,Case=Dat|Number=Sing|Person=1|PrepCase=Npr|PronType=Prs
es,8,lo,él,PRON,,Case=Acc|Gender=Masc|Number=Sing|Person=3|PrepCase=Npr|PronType=Prs
es,8,saber,saber,VERB,vmn0000,VerbForm=Inf
es,8,",",",",PUNCT,fc,PunctType=Comm
es,8,para,para,ADP,sps00,
es,8,que,que,SCONJ,cs,
es,8,yo,yo,PRON,pp1csn00,Case=Nom|Number=Sing|Person=1|PronType=Prs
es,8,también,también,ADV,rg,
es,8,vaya,ir,VERB,vmsp3s0,Mood=Sub|Number=Sing|Person=3|Tense=Pres|VerbForm=Fin
es,8,iluadore,iluadore,ADJ,aq0ms0,Gender=Masc|Number=Sing
es,8,.,.,PUNCT,fp,PunctType=Peri
es,9,Ellos,él,PRON,pp3mp000,"Case=Acc,Nom|Gender=Masc|Number=Plur|Person=3|PronType=Prs"
es,9,a,a,ADP,spcms,
es,9,lo,él,PRON,,Case=Acc|Gender=Masc|Number=Sing|Person=3|PrepCase=Npr|PronType=Prs
es,9,ir,ir,VERB,vmn0000,VerbForm=Inf
es,9,a,a,ADP,spcms,
es,9,el,el,DET,,Definite=Def|Gender=Masc|Number=Sing|PronType=Art
es,9,rey,rey,NOUN,ncms000,Gender=Masc|Number=Sing
es,9,se,él,PRON,p0300000,Case=Acc|Person=3|PrepCase=Npr|PronType=Prs|Reflex=Yes
es,9,pusieron,poner,VERB,vmis3p0,Mood=Ind|Number=Plur|Person=3|Tense=Past|VerbForm=Fin
es,9,en,en,ADP,sps00,
es,9,camino,camino,NOUN,ncms000,Gender=Masc|Number=Sing
es,9,y,y,CCONJ,cc,
es,9,aquí,aquí,ADV,rg,
es,9,la,el,DET,da0fs0,Definite=Def|Gender=Fem|Number=Sing|PronType=Art
es,9,estrella,estrella,NOUN,ncfs000,Number=Sing
es,9,que,que,PRON,pr0cn000,PronType=Rel
es,9,habían,haber,AUX,vaii3p0,Mood=Ind|Number=Plur|Person=3|Tense=Imp|VerbForm=Fin
es,9,visto,ver,VERB,vmp00sm,Gender=Masc|Number=Sing|Tense=Past|VerbForm=Part
es,9,en,en,ADP,sps00,
es,9,el,el,DET,da0ms0,Definite=Def|Gender=Masc|Number=Sing|PronType=Art
es,9,oriente,oriente,NOUN,ncms000,Gender=Masc|Number=Sing
es,9,",",",",PUNCT,fc,PunctType=Comm
es,9,iba,ir,VERB,vmii3s0,Mood=Ind|Number=Sing|Person=3|Tense=Imp|VerbForm=Fin
es,9,delante,delante,ADV,rg,
es,9,de,de,ADP,sps00,
es,9,ellos,él,PRON,pp3mp000,"Case=Acc,Nom|Gender=Masc|Number=Plur|Person=3|PronType=Prs"
es,9,",",",",PUNCT,fc,PunctType=Comm
es,9,hasta,hasta,ADP,sps00,
es,9,que,que,SCONJ,cs,
es,9,llegando,llegar,VERB,vmg0000,VerbForm=Ger
es,9,se,él,PRON,,Case=Acc|Person=3|PrepCase=Npr|PronType=Prs|Reflex=Yes
es,9,de,de,ADP,sps00,
es,9,tubos,tubo,NOUN,ncmp000,Gender=Masc|Number=Plur
es,9,sobre,sobre,ADP,sps00,
es,9,donde,donde,ADV,pr000000,PronType=Rel
es,9,estaba,estar,VERB,vmii3s0,Mood=Ind|Number=Sing|Person=3|Tense=Imp|VerbForm=Fin
es,9,el,el,DET,da0ms0,Definite=Def|Gender=Masc|Number=Sing|PronType=Art
es,9,niño,niño,NOUN,ncms000,Gender=Masc|Number=Sing
es,9,.,.,PUNCT,fp,PunctType=Peri
es,10,A,a,ADP,spcms,
es,10,el,el,DET,,Definite=Def|Gender=Masc|Number=Sing|PronType=Art
es,10,ver,ver,VERB,vmn0000,VerbForm=Inf
es,10,la,el,DET,da0fs0,Definite=Def|Gender=Fem|Number=Sing|PronType=Art
es,10,estrella,estrella,NOUN,nccs000,Number=Sing
es,10,se,él,PRON,p0300000,Case=Acc|Person=3|PrepCase=Npr|PronType=Prs|Reflex=Yes
es,10,llenaron,llenar,VERB,vmis3p0,Mood=Ind|Number=Plur|Person=3|Tense=Past|VerbForm=Fin
es,10,de,de,ADP,sps00,
es,10,gran,gran,ADJ,aq0cs0,Number=Sing
es,10,alegría,alegría,NOUN,ncfs000,Gender=Fem|Number=Sing
es,10,a,a,ADP,sps00,
es,10,alegría,alegría,NOUN,ncfs000,Gender=Fem|Number=Sing
es,10,.,.,PUNCT,fp,PunctType=Peri
es,11,Entraron,entrar,VERB,vmis3p0,Mood=Ind|Number=Plur|Person=3|Tense=Past|VerbForm=Fin
es,11,en,en,ADP,sps00,
es,11,la,el,DET,da0fs0,Definite=Def|Gender=Fem|Number=Sing|PronType=Art
es,11,casa,casa,NOUN,ncfs000,Gender=Fem|Number=Sing
es,11,y,y,CCONJ,cc,
es,11,vieron,ver,VERB,vmis3p0,Mood=Ind|Number=Plur|Person=3|Tense=Past|VerbForm=Fin
es,11,a,a,ADP,spcms,
es,11,el,el,DET,,Definite=Def|Gender=Masc|Number=Sing|PronType=Art
es,11,niño,niño,NOUN,ncms000,Gender=Masc|Number=Sing
es,11,con,con,ADP,sps00,
es,11,María,María,PROPN,np00000,
es,11,su,su,DET,dp3cs0,Number=Sing|Person=3|Poss=Yes|PronType=Prs
es,11,madre,madre,NOUN,ncfs000,Gender=Fem|Number=Sing
es,11,",",",",PUNCT,fc,PunctType=Comm
es,11,entonces,entonces,ADV,rg,
es,11,se,él,PRON,p0300000,Case=Acc|Person=3|PrepCase=Npr|PronType=Prs|Reflex=Yes
es,11,postran,postrar,VERB,vmip3p0,Mood=Ind|Number=Plur|Person=3|Tense=Pres|VerbForm=Fin
es,11,ante,ante,ADP,sps00,
es,11,él,él,PRON,pp3ms000,"Case=Acc,Nom|Gender=Masc|Number=Sing|Person=3|PronType=Prs"
es,11,y,y,CCONJ,cc,
es,11,le,él,PRON,pp3csd00,Case=Dat|Number=Sing|Person=3|PronType=Prs
es,11,adoraron,adorar,VERB,vmis3p0,Mood=Ind|Number=Plur|Person=3|Tense=Past|VerbForm=Fin
es,11,profundamente,profundamente,ADV,rg,
es,11,.,.,PUNCT,fp,PunctType=Peri
es,12,Y,y,CCONJ,cc,
es,12,abriendo,abrir,VERB,vmg0000,VerbForm=Ger
es,12,sus,su,DET,dp3cp0,Number=Plur|Person=3|Poss=Yes|PronType=Prs
es,12,tesoros,tesoro,NOUN,ncmp000,Gender=Masc|Number=Plur
es,12,",",",",PUNCT,fc,PunctType=Comm
es,12,le,él,PRON,pp3csd00,Case=Dat|Number=Sing|Person=3|PronType=Prs
es,12,ofrecieron,ofrecer,VERB,vmis3p0,Mood=Ind|Number=Plur|Person=3|Tense=Past|VerbForm=Fin
es,12,presentes,presente,NOUN,nccp000,Number=Plur
es,12,",",",",PUNCT,fc,PunctType=Comm
es,12,oro,oro,NOUN,ncms000,Gender=Masc|Number=Sing
es,12,",",",",PUNCT,fc,PunctType=Comm
es,12,incienso,incienso,NOUN,ncms000,Gender=Masc|Number=Sing
es,12,y,y,CCONJ,cc,
es,12,mirrá,mirrá,NOUN,ncfs000,Gender=Fem|Number=Sing
es,12,.,.,PUNCT,fp,PunctType=Peri
es,13,Avizados,avizado,ADJ,aq0mp0,Gender=Masc|Number=Plur
es,13,en,en,ADP,sps00,
es,13,sueños,sueño,NOUN,ncmp000,Gender=Masc|Number=Plur
es,13,de,de,ADP,sps00,
es,13,que,que,SCONJ,cs,
es,13,no,no,ADV,rn,Polarity=Neg
es,13,volvieran,volver,VERB,vmsi3p0,Mood=Sub|Number=Plur|Person=3|Tense=Imp|VerbForm=Fin
es,13,",",",",PUNCT,fc,PunctType=Comm
es,13,aerodes,aerod,NOUN,ncmp000,Gender=Masc|Number=Plur
es,13,volvieron,volver,VERB,vmis3p0,Mood=Ind|Number=Plur|Person=3|Tense=Past|VerbForm=Fin
es,13,a,a,ADP,sps00,
es,13,su,su,DET,dp3cs0,Number=Sing|Person=3|Poss=Yes|PronType=Prs
es,13,tierra,tierra,NOUN,ncfs000,Gender=Fem|Number=Sing
es,13,por,por,ADP,sps00,
es,13,otro,otro,DET,di0ms0,Gender=Masc|Number=Sing|PronType=Ind
es,13,camino,camino,NOUN,ncms000,Gender=Masc|Number=Sing
es,13,.,.,PUNCT,fp,PunctType=Peri
es,14,Cuando,cuando,SCONJ,cs,
es,14,se,él,PRON,p0000000,Case=Acc|Person=3|PrepCase=Npr|PronType=Prs|Reflex=Yes
es,14,fueron,ser,AUX,vsis3p0,Mood=Ind|Number=Plur|Person=3|Tense=Past|VerbForm=Fin
es,14,un,uno,DET,di0ms0,Definite=Ind|Gender=Masc|Number=Sing|PronType=Art
es,14,ángel,ángel,NOUN,ncms000,Gender=Masc|Number=Sing
es,14,",",",",PUNCT,fc,PunctType=Comm
es,14,de,de,ADP,spcms,
es,14,el,el,DET,,Definite=Def|Gender=Masc|Number=Sing|PronType=Art
es,14,señor,señor,NOUN,ncms000,Gender=Masc|Number=Sing
es,14,se,él,PRON,p0300000,Case=Acc|Person=3|PrepCase=Npr|PronType=Prs|Reflex=Yes
es,14,apreció,apreciar,VERB,vmis3s0,Mood=Ind|Number=Sing|Person=3|Tense=Past|VerbForm=Fin
es,14,en,en,ADP,sps00,
es,14,sueños,sueño,NOUN,ncmp000,Gender=Masc|Number=Plur
es,14,a,a,ADP,sps00,
es,14,José,José,PROPN,np00000,
es,14,y,y,CCONJ,cc,
es,14,le,él,PRON,pp3csd00,Case=Dat|Number=Sing|Person=3|PronType=Prs
es,14,dijo,decir,VERB,vmis3s0,Mood=Ind|Number=Sing|Person=3|Tense=Past|VerbForm=Fin
es,14,",",",",PUNCT,fc,PunctType=Comm
es,14,levantate,levantatar,VERB,vmip1s0,Mood=Ind|Number=Sing|Tense=Pres|VerbForm=Fin
es,14,",",",",PUNCT,fc,PunctType=Comm
es,14,toma,tomar,VERB,vmip3s0,Mood=Ind|Number=Sing|Person=3|Tense=Pres|VerbForm=Fin
es,14,a,a,ADP,spcms,
es,14,el,el,DET,,Definite=Def|Gender=Masc|Number=Sing|PronType=Art
es,14,niño,niño,NOUN,ncms000,Gender=Masc|Number=Sing
es,14,ya,ya,ADV,rg,
es,14,su,su,DET,dp3cs0,Number=Sing|Person=3|Poss=Yes|PronType=Prs
es,14,madre,madre,NOUN,ncfs000,Gender=Fem|Number=Sing
es,14,y,y,CCONJ,cc,
es,14,huye,huir,VERB,vmip3s0,Mood=Ind|Number=Sing|Person=3|Tense=Pres|VerbForm=Fin
es,14,",",",",PUNCT,fc,PunctType=Comm
es,14,ha,haber,AUX,vaip3s0,Mood=Ind|Number=Sing|Person=3|Tense=Pres|VerbForm=Fin
es,14,llegado,llegar,VERB,vmp00sm,Gender=Masc|Number=Sing|Tense=Past|VerbForm=Part
es,14,a,a,ADP,sps00,
es,14,Egipto,Egipto,PROPN,np00000,
es,14,.,.,PUNCT,fp,PunctType=Peri
es,15,Quédate,quedatar,VERB,vmip1s0,Mood=Ind|Number=Sing|Person=1|Tense=Pres|VerbForm=Fin
es,15,allí,allí,ADV,rg,
es,15,hasta,hasta,ADP,sps00,
es,15,que,que,SCONJ,cs,
es,15,yo,yo,PRON,pp1csn00,Case=Nom|Number=Sing|Person=1|PronType=Prs
es,15,te,tú,PRON,pp2cs000,Case=Dat|Number=Sing|Person=2|PrepCase=Npr|PronType=Prs
es,15,avise,avisar,VERB,vmsp3s0,Mood=Sub|Number=Sing|Person=3|Tense=Pres|VerbForm=Fin
es,15,",",",",PUNCT,fc,PunctType=Comm
es,15,porque,porque,SCONJ,cs,
es,15,rodees,rodeer,VERB,vmip3s0,Mood=Ind|Number=Sing|Person=3|Tense=Pres|VerbForm=Fin
es,15,buscar,buscar,VERB,vmn0000,VerbForm=Inf
es,15,a,a,ADP,spcms,
es,15,el,el,DET,,Definite=Def|Gender=Masc|Number=Sing|PronType=Art
es,15,niño,niño,NOUN,ncms000,Gender=Masc|Number=Sing
es,15,para,para,ADP,sps00,
es,15,matar,matar,VERB,vmn0000,VerbForm=Inf
es,15,lo,él,PRON,,Case=Acc|Gender=Masc|Number=Sing|Person=3|PrepCase=Npr|PronType=Prs
es,15,.,.,PUNCT,fp,PunctType=Peri
es,16,José,José,PROPN,np00000,
es,16,se,él,PRON,p0300000,Case=Acc|Person=3|PrepCase=Npr|PronType=Prs|Reflex=Yes
es,16,levantó,levantar,VERB,vmis3s0,Mood=Ind|Number=Sing|Person=3|Tense=Past|VerbForm=Fin
es,16,",",",",PUNCT,fc,PunctType=Comm
es,16,tomó,tomar,VERB,vmis3s0,Mood=Ind|Number=Sing|Person=3|Tense=Past|VerbForm=Fin
es,16,de,de,ADP,rg,
es,16,noche,noche,NOUN,nfs0,Gender=Fem|Number=Sing
es,16,a,a,ADP,spcms,
es,16,el,el,DET,,Definite=Def|Gender=Masc|Number=Sing|PronType=Art
es,16,niño,niño,NOUN,ncms000,Gender=Masc|Number=Sing
es,16,y,y,CCONJ,cc,
es,16,a,a,ADP,sps00,
es,16,su,su,DET,dp3cs0,Number=Sing|Person=3|Poss=Yes|PronType=Prs
es,16,madre,madre,NOUN,ncfs000,Gender=Fem|Number=Sing
es,16,",",",",PUNCT,fc,PunctType=Comm
es,16,y,y,CCONJ,cc,
es,16,se,él,PRON,p0300000,Case=Acc|Person=3|PrepCase=Npr|PronType=Prs|Reflex=Yes
es,16,fue,ser,VERB,vmis3s0,Mood=Ind|Number=Sing|Person=3|Tense=Past|VerbForm=Fin
es,16,a,a,ADP,sps00,
es,16,Egipto,Egipto,PROPN,np00000,
es,16,y,y,CCONJ,cc,
es,16,estuvo,estar,VERB,vmis3s0,Mood=Ind|Number=Sing|Person=3|Tense=Past|VerbForm=Fin
es,16,allí,allí,ADV,rg,
es,16,hasta,hasta,ADP,sps00,
es,16,la,el,DET,da0fs0,Definite=Def|Gender=Fem|Number=Sing|PronType=Art
es,16,muerte,muerte,NOUN,ncfs000,Gender=Fem|Number=Sing
es,16,de,de,ADP,sps00,
es,16,aerodes,aerod,NOUN,ncmp000,Gender=Masc|Number=Plur
es,16,para,para,ADP,sps00,
es,16,que,que,SCONJ,cs,
es,16,se,él,PRON,p0000000,Case=Acc|Person=3|PrepCase=Npr|PronType=Prs|Reflex=Yes
es,16,cumpliera,cumplir,VERB,vmsi3s0,Mood=Sub|Number=Sing|Person=3|Tense=Imp|VerbForm=Fin
es,16,lo,él,PRON,da0ns0,Case=Acc|Definite=Def|Gender=Masc|Number=Sing|Person=3|PrepCase=Npr|PronType=Prs
es,16,que,que,PRON,pr0cn000,PronType=Rel
es,16,dijo,decir,VERB,vmis3s0,Mood=Ind|Number=Sing|Person=3|Tense=Past|VerbForm=Fin
es,16,el,el,DET,da0ms0,Definite=Def|Gender=Masc|Number=Sing|PronType=Art
es,16,señor,señor,NOUN,ncms000,Gender=Masc|Number=Sing
es,16,por,por,ADP,spcms,
es,16,medio,medio,NOUN,,
es,16,de,de,ADP,,
es,16,el,el,DET,,Definite=Def|Gender=Masc|Number=Sing|PronType=Art
es,16,profeta,profeta,NOUN,ncms000,Gender=Masc|Number=Sing
es,16,cuando,cuando,SCONJ,cs,
es,16,dijo,decir,VERB,vmis3s0,Mood=Ind|Number=Sing|Person=3|Tense=Past|VerbForm=Fin
es,16,",",",",PUNCT,fc,PunctType=Comm
es,16,de,de,ADP,sps00,
es,16,Egipto,Egipto,PROPN,np00000,
es,16,",",",",PUNCT,fc,PunctType=Comm
es,16,ya,ya,ADV,rg,
es,16,me,yo,PRON,1,Case=Dat|Number=Sing|Person=1|PrepCase=Npr|PronType=Prs
es,16,a,a,ADP,sps00,
es,16,mi,mi,DET,dp1css,Number=Sing|Number[psor]=Sing|Person=1|Poss=Yes|PronType=Prs
es,16,hijo,hijo,NOUN,ncms000,Gender=Masc|Number=Sing
es,16,.,.,PUNCT,fp,PunctType=Peri
es,17,Entonces,entonces,ADV,rg,
es,17,",",",",PUNCT,fc,PunctType=Comm
es,17,cerodes,cerod,NOUN,ncmp000,Gender=Masc|Number=Plur
es,17,",",",",PUNCT,fc,PunctType=Comm
es,17,a,a,ADP,spcms,
es,17,el,el,DET,,Definite=Def|Gender=Masc|Number=Sing|PronType=Art
es,17,ver,ver,VERB,vmn0000,VerbForm=Inf
es,17,que,que,SCONJ,cs,
es,17,los,el,DET,da0mp0,Definite=Def|Gender=Masc|Number=Plur|PronType=Art
es,17,magos,mago,NOUN,ncmp000,Gender=Masc|Number=Plur
es,17,se,él,PRON,p0300000,Case=Acc|Person=3|PrepCase=Npr|PronType=Prs|Reflex=Yes
es,17,habían,haber,AUX,vaii3p0,Mood=Ind|Number=Plur|Person=3|Tense=Imp|VerbForm=Fin
es,17,burlado,burlar,VERB,vmp00sm,Gender=Masc|Number=Sing|Tense=Past|VerbForm=Part
es,17,de,de,ADP,sps00,
es,17,él,él,PRON,pp3ms000,"Case=Acc,Nom|Gender=Masc|Number=Sing|Person=3|PronType=Prs"
es,17,se,él,PRON,p0300000,Case=Acc|Person=3|PrepCase=Npr|PronType=Prs|Reflex=Yes
es,17,enfureció,enfurecer,VERB,vmis3s0,Mood=Ind|Number=Sing|Person=3|Tense=Past|VerbForm=Fin
es,17,",",",",PUNCT,fc,PunctType=Comm
es,17,sobre,sobre,ADP,rg,
es,17,manera,manera,NOUN,,Gender=Fem
es,17,y,y,CCONJ,cc,
es,17,ordenó,ordenar,VERB,vmis3s0,Mood=Ind|Number=Sing|Person=3|Tense=Past|VerbForm=Fin
es,17,matar,matar,VERB,vmn0000,VerbForm=Inf
es,17,a,a,ADP,sps00,
es,17,todos,todo,DET,di0mp0,Gender=Masc|Number=Plur|PronType=Tot
es,17,los,el,DET,da0mp0,Definite=Def|Gender=Masc|Number=Plur|PronType=Art
es,17,niños,niño,NOUN,ncmp000,Gender=Masc|Number=Plur
es,17,barones,barón,ADJ,aq0mp0,Gender=Masc|Number=Plur
es,17,que,que,PRON,pr0cn000,PronType=Rel
es,17,estaban,estar,VERB,vmii3p0,Mood=Ind|Number=Plur|Person=3|Tense=Imp|VerbForm=Fin
es,17,en,en,ADP,sps00,
es,17,Belén,Belén,PROPN,np00000,
es,17,y,y,CCONJ,cc,
es,17,en,en,ADP,sps00,
es,17,toda,todo,DET,di0fs0,Gender=Fem|Number=Sing|PronType=Tot
es,17,su,su,DET,dp3cs0,Number=Sing|Person=3|Poss=Yes|PronType=Prs
es,17,comarca,comarca,NOUN,ncfs000,Gender=Fem|Number=Sing
es,17,de,de,ADP,sps00,
es,17,dos,dos,NUM,dn0cp0,NumForm=Word|NumType=Card|Number=Plur
es,17,años,año,NOUN,ncmp000,Gender=Masc|Number=Plur
es,17,para,para,ADP,sps00,
es,17,abajo,abajo,ADV,rg,
es,17,conforme,conformar,ADV,rg,
es,17,.,.,PUNCT,fp,PunctType=Peri
es,18,Al,al,ADP,rg,
es,18,tiempo,tiempo,NOUN,,Gender=Masc
es,18,precisó,precisar,VERB,vmis3s0,Mood=Ind|Number=Sing|Person=3|Tense=Past|VerbForm=Fin
es,18,que,que,SCONJ,cs,
es,18,él,él,PRON,pp3ms000,"Case=Acc,Nom|Gender=Masc|Number=Sing|Person=3|PronType=Prs"
es,18,mismo,mismo,ADJ,aq0ms0,Gender=Masc|Number=Sing
es,18,había,haber,AUX,vaii3s0,Mood=Ind|Number=Sing|Person=3|Tense=Imp|VerbForm=Fin
es,18,inquirido,inquirir,VERB,vmp00sm,Gender=Masc|Number=Sing|Tense=Past|VerbForm=Part
es,18,de,de,ADP,sps00,
es,18,parte,parte,NOUN,ncfs000,Gender=Fem|Number=Sing
es,18,de,de,ADP,sps00,
es,18,aquellos,aquel,DET,dd0mp0,Gender=Masc|Number=Plur|PronType=Dem
es,18,sabios,sabio,ADJ,aq0mp0,Gender=Masc|Number=Plur
es,18,magos,mago,NOUN,ncmp000,Gender=Masc|Number=Plur
es,18,de,de,ADP,sps00,
es,18,abue,abue,NOUN,ncms000,Gender=Masc|Number=Sing
es,18,.,.,PUNCT,fp,PunctType=Peri
es,19,Entonces,entonces,ADV,rg,
es,19,",",",",PUNCT,fc,PunctType=Comm
es,19,se,él,PRON,p0000000,Case=Acc|Person=3|PrepCase=Npr|PronType=Prs|Reflex=Yes
es,19,cumplió,cumplir,VERB,vmis3s0,Mood=Ind|Number=Sing|Person=3|Tense=Past|VerbForm=Fin
es,19,lo,él,PRON,da0ns0,Case=Acc|Definite=Def|Gender=Masc|Number=Sing|Person=3|PrepCase=Npr|PronType=Prs
es,19,dicho,dicho,ADJ,aq0msp,Gender=Masc|Number=Sing|VerbForm=Part
es,19,por,por,ADP,sps00,
es,19,el,el,DET,da0ms0,Definite=Def|Gender=Masc|Number=Sing|PronType=Art
es,19,profet,profet,NOUN,ncms000,Gender=Masc|Number=Sing
es,19,a,a,ADP,sps00,
es,19,Jeremy,Jeremy,PROPN,np00000,
es,19,Azke,Azke,PROPN,,
es,19,",",",",PUNCT,fc,PunctType=Comm
es,19,dijo,decir,VERB,vmis3s0,Mood=Ind|Number=Sing|Person=3|Tense=Past|VerbForm=Fin
es,19,",",",",PUNCT,fc,PunctType=Comm
es,19,vos,tú,PRON,pp2cs000,Case=Acc|Number=Sing|Person=2|PrepCase=Npr|PronType=Prs
es,19,fue,ser,AUX,vsis3s0,Mood=Ind|Number=Sing|Person=3|Tense=Past|VerbForm=Fin
es,19,oída,oídar,VERB,vmp00sf,Gender=Fem|Number=Sing|Tense=Past|VerbForm=Part
es,19,en,en,ADP,sps00,
es,19,ramada,ramada,NOUN,ncfs000,Gender=Fem|Number=Sing
es,19,",",",",PUNCT,fc,PunctType=Comm
es,19,gran,gran,ADJ,aq0cs0,Number=Sing
es,19,llanto,llanto,NOUN,ncms000,Gender=Masc|Number=Sing
es,19,",",",",PUNCT,fc,PunctType=Comm
es,19,lloro,llorar,VERB,vmip1s0,Mood=Ind|Number=Sing|Person=1|Tense=Pres|VerbForm=Fin
es,19,y,y,CCONJ,cc,
es,19,gemido,gemido,ADJ,aq0msp,Gender=Masc|Number=Sing
es,19,un,uno,DET,di0ms0,Definite=Ind|Gender=Masc|Number=Sing|PronType=Art
es,19,ant,ant,NOUN,ncms000,Gender=Masc|Number=Sing
es,19,",",",",PUNCT,fc,PunctType=Comm
es,19,rake,rake,PROPN,np00000,
es,19,el,el,DET,da0ms0,Definite=Def|Gender=Masc|Number=Sing|PronType=Art
es,19,que,que,PRON,pr0cn000,PronType=Rel
es,19,llora,llorar,VERB,vmip3s0,Mood=Ind|Number=Sing|Person=3|Tense=Pres|VerbForm=Fin
es,19,sus,su,DET,dp3cp0,Number=Plur|Person=3|Poss=Yes|PronType=Prs
es,19,hijos,hijo,NOUN,ncmp000,Gender=Masc|Number=Plur
es,19,y,y,CCONJ,cc,
es,19,no,no,ADV,rn,Polarity=Neg
es,19,quiere,querer,VERB,vmip3s0,Mood=Ind|Number=Sing|Person=3|Tense=Pres|VerbForm=Fin
es,19,ser,ser,AUX,vsn0000,VerbForm=Inf
es,19,consolada,consolar,VERB,vmp00sf,Gender=Fem|Number=Sing|Tense=Past|VerbForm=Part
es,19,",",",",PUNCT,fc,PunctType=Comm
es,19,porque,porque,SCONJ,cs,
es,19,ya,ya,ADV,rg,
es,19,no,no,ADV,rn,Polarity=Neg
es,19,existen,existir,VERB,vmip3p0,Mood=Ind|Number=Plur|Person=3|Tense=Pres|VerbForm=Fin
es,19,.,.,PUNCT,fp,PunctType=Peri
es,20,Pero,pero,CCONJ,cc,
es,20,después,después,ADV,rg,
es,20,de,de,ADP,sps00,
es,20,muerto,muerto,ADJ,aq0msp,Gender=Masc|Number=Sing|VerbForm=Part
es,20,aerodes,aerod,NOUN,ncmp000,Gender=Masc|Number=Plur
es,20,",",",",PUNCT,fc,PunctType=Comm
es,20,un,uno,DET,di0ms0,Definite=Ind|Gender=Masc|Number=Sing|PronType=Art
es,20,ángel,ángel,NOUN,ncms000,Gender=Masc|Number=Sing
es,20,de,de,ADP,spcms,
es,20,el,el,DET,,Definite=Def|Gender=Masc|Number=Sing|PronType=Art
es,20,señor,señor,NOUN,ncms000,Gender=Masc|Number=Sing
es,20,se,él,PRON,p0300000,Case=Acc|Person=3|PrepCase=Npr|PronType=Prs|Reflex=Yes
es,20,apareció,aparecer,VERB,vmis3s0,Mood=Ind|Number=Sing|Person=3|Tense=Past|VerbForm=Fin
es,20,en,en,ADP,sps00,
es,20,sueños,sueño,NOUN,ncmp000,Gender=Masc|Number=Plur
es,20,a,a,ADP,sps00,
es,20,José,José,PROPN,np00000,
es,20,Egipto,Egipto,PROPN,,
es,20,y,y,CCONJ,cc,
es,20,le,él,PRON,pp3csd00,Case=Dat|Number=Sing|Person=3|PronType=Prs
es,20,dijo,decir,VERB,vmis3s0,Mood=Ind|Number=Sing|Person=3|Tense=Past|VerbForm=Fin
es,20,",",",",PUNCT,fc,PunctType=Comm
es,20,levantate,levantatar,VERB,vmip1s0,Mood=Ind|Number=Sing|Person=1|Tense=Pres|VerbForm=Fin
es,20,",",",",PUNCT,fc,PunctType=Comm
es,20,toma,tomar,VERB,vmip3s0,Mood=Ind|Number=Sing|Person=3|Tense=Pres|VerbForm=Fin
es,20,el,el,DET,da0ms0,Definite=Def|Gender=Masc|Number=Sing|PronType=Art
es,20,niño,niño,NOUN,ncms000,Gender=Masc|Number=Sing
es,20,y,y,CCONJ,cc,
es,20,a,a,ADP,sps00,
es,20,su,su,DET,dp3cs0,Number=Sing|Person=3|Poss=Yes|PronType=Prs
es,20,madre,madre,NOUN,ncfs000,Gender=Fem|Number=Sing
es,20,y,y,CCONJ,cc,
es,20,vete,vetir,VERB,vmip3s0,Mood=Ind|Number=Sing|Person=3|Tense=Pres|VerbForm=Fin
es,20,a,a,ADP,sps00,
es,20,la,el,DET,da0fs0,Definite=Def|Gender=Fem|Number=Sing|PronType=Art
es,20,tierra,tierra,NOUN,ncfs000,Gender=Fem|Number=Sing
es,20,de,de,ADP,sps00,
es,20,Israel,Israel,PROPN,np00000,
es,20,",",",",PUNCT,fc,PunctType=Comm
es,20,porque,porque,SCONJ,cs,
es,20,han,haber,AUX,vaip3p0,Mood=Ind|Number=Plur|Person=3|Tense=Pres|VerbForm=Fin
es,20,muerto,morir,VERB,vmp00sm,Gender=Masc|Number=Sing|Tense=Past|VerbForm=Part
es,20,los,el,DET,da0mp0,Definite=Def|Gender=Masc|Number=Plur|PronType=Art
es,20,que,que,PRON,pr0cn000,PronType=Rel
es,20,procuraban,procurar,VERB,vmii3p0,Mood=Ind|Number=Plur|Person=3|Tense=Imp|VerbForm=Fin
es,20,la,el,DET,da0fs0,Definite=Def|Gender=Fem|Number=Sing|PronType=Art
es,20,muerte,muerte,NOUN,ncfs000,Gender=Fem|Number=Sing
es,20,de,de,ADP,spcms,
es,20,el,el,DET,,Definite=Def|Gender=Masc|Number=Sing|PronType=Art
es,20,niño,niño,NOUN,ncms000,Gender=Masc|Number=Sing
es,20,de,de,ADP,sps00,
es,20,que,que,SCONJ,cs,
es,20,ni,ni,CCONJ,cc,
es,20,...,...,PUNCT,fs,PunctType=Elip
es,21,Él,él,PRON,pp3ms000,"Case=Acc,Nom|Gender=Masc|Number=Sing|Person=3|PronType=Prs"
es,21,se,él,PRON,p0300000,Case=Acc|Person=3|PrepCase=Npr|PronType=Prs|Reflex=Yes
es,21,levantó,levantar,VERB,vmis3s0,Mood=Ind|Number=Sing|Person=3|Tense=Past|VerbForm=Fin
es,21,",",",",PUNCT,fc,PunctType=Comm
es,21,tomó,tomar,VERB,vmis3s0,Mood=Ind|Number=Sing|Person=3|Tense=Past|VerbForm=Fin
es,21,a,a,ADP,spcms,
es,21,el,el,DET,,Definite=Def|Gender=Masc|Number=Sing|PronType=Art
es,21,niño,niño,NOUN,ncms000,Gender=Masc|Number=Sing
es,21,y,y,CCONJ,cc,
es,21,a,a,ADP,sps00,
es,21,su,su,DET,dp3cs0,Number=Sing|Person=3|Poss=Yes|PronType=Prs
es,21,madre,madre,NOUN,ncfs000,Gender=Fem|Number=Sing
es,21,y,y,CCONJ,cc,
es,21,vino,venir,VERB,vmis3s0,Mood=Ind|Number=Sing|Person=3|Tense=Past|VerbForm=Fin
es,21,a,a,ADP,sps00,
es,21,tierra,tierra,NOUN,ncfs000,Gender=Fem|Number=Sing
es,21,de,de,ADP,sps00,
es,21,Israel,Israel,PROPN,np00000,
es,21,.,.,PUNCT,fp,PunctType=Peri
es,22,Pero,pero,CCONJ,cc,
es,22,cuando,cuando,SCONJ,cs,
es,22,yo,yo,PRON,pp1csn00,Case=Nom|Number=Sing|Person=1|PronType=Prs
es,22,que,que,PRON,pr0cn000,PronType=Rel
es,22,arque,arquir,VERB,vmip3s0,Mood=Ind|Number=Sing|Person=3|Tense=Pres|VerbForm=Fin
es,22,la,el,DET,da0fs0,Definite=Def|Gender=Fem|Number=Sing|PronType=Art
es,22,o,o,CCONJ,cc,
es,22,reina,reina,NOUN,ncfs000,Gender=Fem|Number=Sing
es,22,",",",",PUNCT,fc,PunctType=Comm
es,22,va,ir,VERB,vmip3s0,Mood=Ind|Number=Sing|Person=3|Tense=Pres|VerbForm=Fin
es,22,en,en,ADP,sps00,
es,22,Judea,Judea,PROPN,np00000,
es,22,en,en,ADP,sps00,
es,22,lugar,lugar,NOUN,,
es,22,de,de,ADP,,
es,22,eró,eró,NOUN,ncms000,Gender=Masc|Number=Sing
es,22,de,de,ADP,sps00,
es,22,su,su,DET,dp3cs0,Number=Sing|Person=3|Poss=Yes|PronType=Prs
es,22,padre,padre,NOUN,ncms000,Gender=Masc|Number=Sing
es,22,",",",",PUNCT,fc,PunctType=Comm
es,22,tuvo,tener,VERB,vmis3s0,Mood=Ind|Number=Sing|Person=3|Tense=Past|VerbForm=Fin
es,22,miedo,miedo,NOUN,ncms000,Gender=Masc|Number=Sing
es,22,de,de,ADP,sps00,
es,22,ir,ir,VERB,vmn0000,VerbForm=Inf
es,22,allá,allá,ADV,rg,
es,22,.,.,PUNCT,fp,PunctType=Peri
es,23,Pero,pero,CCONJ,cc,
es,23,avisado,avisar,ADJ,aq0msp,Gender=Masc|Number=Sing|VerbForm=Part
es,23,por,por,ADP,sps00,
es,23,revelación,revelación,NOUN,ncfs000,Gender=Fem|Number=Sing
es,23,",",",",PUNCT,fc,PunctType=Comm
es,23,en,en,ADP,sps00,
es,23,sueños,sueño,NOUN,ncmp000,Gender=Masc|Number=Plur
es,23,se,él,PRON,p0300000,Case=Acc|Person=3|PrepCase=Npr|PronType=Prs|Reflex=Yes
es,23,retiró,retirar,VERB,vmis3s0,Mood=Ind|Number=Sing|Person=3|Tense=Past|VerbForm=Fin
es,23,a,a,ADP,sps00,
es,23,la,el,DET,da0fs0,Definite=Def|Gender=Fem|Number=Sing|PronType=Art
es,23,región,región,NOUN,ncfs000,Gender=Fem|Number=Sing
es,23,de,de,ADP,sps00,
es,23,Galilea,Galilea,PROPN,np00000,
es,23,y,y,CCONJ,cc,
es,23,vino,vino,NOUN,ncms000,Gender=Masc|Number=Sing
es,23,",",",",PUNCT,fc,PunctType=Comm
es,23,y,y,CCONJ,cc,
es,23,invitó,invitar,VERB,vmis3s0,Mood=Ind|Number=Sing|Person=3|Tense=Past|VerbForm=Fin
es,23,en,en,ADP,sps00,
es,23,la,el,DET,da0fs0,Definite=Def|Gender=Fem|Number=Sing|PronType=Art
es,23,ciudad,ciudad,NOUN,ncfs000,Gender=Fem|Number=Sing
es,23,que,que,PRON,pr0cn000,PronType=Rel
es,23,se,él,PRON,p0300000,Case=Acc|Person=3|PrepCase=Npr|PronType=Prs|Reflex=Yes
es,23,llama,llamar,VERB,vmip3s0,Mood=Ind|Number=Sing|Person=3|Tense=Pres|VerbForm=Fin
es,23,Nazaret,Nazaret,PROPN,np00000,
es,23,para,para,ADP,sps00,
es,23,que,que,SCONJ,cs,
es,23,se,él,PRON,p0000000,Case=Acc|Person=3|PrepCase=Npr|PronType=Prs|Reflex=Yes
es,23,compiera,comperar,VERB,vmsi3s0,Mood=Sub|Number=Sing|Person=3|Tense=Imp|VerbForm=Fin
es,23,lo,él,PRON,da0ns0,Case=Acc|Definite=Def|Gender=Masc|Number=Sing|Person=3|PrepCase=Npr|PronType=Prs
es,23,que,que,PRON,pr0cn000,PronType=Rel
es,23,fue,ser,AUX,vsis3s0,Mood=Ind|Number=Sing|Person=3|Tense=Past|VerbForm=Fin
es,23,dicho,decir,VERB,vmp00sm,Gender=Masc|Number=Sing|Tense=Past|VerbForm=Part
es,23,por,por,ADP,sps00,
es,23,los,el,DET,da0mp0,Definite=Def|Gender=Masc|Number=Plur|PronType=Art
es,23,projetas,projeta,NOUN,ncmp000,Gender=Masc|Number=Plur
es,23,",",",",PUNCT,fc,PunctType=Comm
es,23,se,él,PRON,p0300000,Case=Acc|Person=3|PrepCase=Npr|PronType=Prs|Reflex=Yes
es,23,da,dar,VERB,vmip3s0,Mood=Ind|Number=Sing|Person=3|Tense=Pres|VerbForm=Fin
es,23,llamado,llamado,ADJ,aq0msp,Gender=Masc|Number=Sing|VerbForm=Part
es,23,Nazareno,Nazareno,PROPN,np00000,
es,23,.,.,PUNCT,fp,PunctType=Peri
es,24,Y...,y...,PUNCT,fe,
es,24,ULENDATA-Z,Ulendata-z,PROPN,np00000,
fr,1,Or,or,CCONJ,,
fr,1,Jésus,Jésus,PROPN,,
fr,1,est,être,AUX,,Mood=Ind|Number=Sing|Person=3|Tense=Pres|VerbForm=Fin
fr,1,en,en,ADP,,
fr,1,néabethe,néabethe,NOUN,,Number=Sing
fr,1,laie,laie,ADJ,,Gender=Fem|Number=Sing
fr,1,en,en,ADP,,
fr,1,juillet,juillet,NOUN,,Number=Sing
fr,1,",",",",PUNCT,,
fr,1,autant,autant,ADV,,ExtPos=PRON
fr,1,de,de,ADP,,
fr,1,le,le,DET,,Definite=Def|Gender=Masc|Number=Sing|PronType=Art
fr,1,roi,roi,NOUN,,Number=Sing
fr,1,et,et,CCONJ,,
fr,1,roi,roi,NOUN,,Number=Sing
fr,1,de,de,ADP,,
fr,1,voici,voici,NOUN,,Number=Sing
fr,1,de,de,ADP,,
fr,1,les,le,DET,,Definite=Def|Number=Plur|PronType=Art
fr,1,mages,mage,NOUN,,Number=Plur
fr,1,d',de,ADP,,
fr,1,Orient,Orient,PROPN,,
fr,1,arriverta,arriverter,VERB,,Mood=Ind|Number=Sing|Person=3|Tense=Pres|VerbForm=Fin
fr,1,à,à,ADP,,
fr,1,Jérusalem,Jérusalem,PROPN,,
fr,1,et,et,CCONJ,,
fr,1,dire,dire,VERB,,VerbForm=Inf
fr,1,",",",",PUNCT,,
fr,1,où,où,PRON,,PronType=Rel
fr,1,est,être,AUX,,Mood=Ind|Number=Sing|Person=3|Tense=Pres|VerbForm=Fin
fr,1,le,le,DET,,Definite=Def|Gender=Masc|Number=Sing|PronType=Art
fr,1,roi,roi,NOUN,,Number=Sing
fr,1,de,de,ADP,,
fr,1,les,le,DET,,Definite=Def|Number=Plur|PronType=Art
fr,1,Juifs,juif,NOUN,,Number=Plur
fr,1,qui,qui,PRON,,PronType=Rel
fr,1,vient,venir,VERB,,Mood=Ind|Number=Sing|Person=3|Tense=Pres|VerbForm=Fin
fr,1,de,de,ADP,,
fr,1,n',ne,ADV,,Polarity=Neg
fr,1,être,être,AUX,,VerbForm=Inf
fr,1,",",",",PUNCT,,
fr,1,car,car,CCONJ,,
fr,1,nous,nous,PRON,,Case=Nom|Emph=No|Number=Plur|Person=1|PronType=Prs
fr,1,avons,avoir,AUX,,Mood=Ind|Number=Plur|Person=1|Tense=Pres|VerbForm=Fin
fr,1,vu,voir,VERB,,Gender=Masc|Number=Sing|VerbForm=Part|Voice=Act
fr,1,son,son,DET,,Number=Sing|Number[psor]=Sing|Person[psor]=3|Poss=Yes|PronType=Prs
fr,1,étoile,étoile,NOUN,,Number=Sing
fr,1,en,en,ADP,,
fr,1,Orient,Orient,PROPN,,
fr,1,et,et,CCONJ,,
fr,1,nous,nous,PRON,,Case=Nom|Emph=No|Number=Plur|Person=1|PronType=Prs
fr,1,sommes,être,AUX,,Mood=Ind|Number=Plur|Person=1|Tense=Pres|VerbForm=Fin
fr,1,venus,venir,VERB,,Gender=Masc|Number=Plur|VerbForm=Part|Voice=Act
fr,1,l',lui,PRON,,Case=Acc|Emph=No|Number=Sing|Person=3|PronType=Prs
fr,1,adorer,adorer,VERB,,VerbForm=Inf
fr,1,.,.,PUNCT,,
fr,2,Le,le,DET,,Definite=Def|Gender=Masc|Number=Sing|PronType=Art
fr,2,roi,roi,NOUN,,Number=Sing
fr,2,et,et,CCONJ,,
fr,2,roi,roi,NOUN,,Number=Sing
fr,2,de,de,ADP,,
fr,2,Yen,Yen,PROPN,,
fr,2,a,avoir,AUX,,Mood=Ind|Number=Sing|Person=3|Tense=Pres|VerbForm=Fin
fr,2,pris,prendre,VERB,,Gender=Masc|Number=Sing|VerbForm=Part|Voice=Act
fr,2,cela,cela,PRON,,Gender=Masc|Number=Sing|Person=3|PronType=Dem
fr,2,",",",",PUNCT,,
fr,2,fut,être,AUX,,Mood=Ind|Number=Sing|Person=3|Tense=Past|VerbForm=Fin
fr,2,troublé,troubler,VERB,,Gender=Masc|Number=Sing|VerbForm=Part|Voice=Pass
fr,2,et,et,CCONJ,,
fr,2,tougez,touger,VERB,,Mood=Imp|Number=Plur|Person=2|Tense=Pres|VerbForm=Fin
fr,2,Ruzalem,Ruzalem,PROPN,,
fr,2,avec,avec,ADP,,
fr,2,lui,lui,PRON,,Emph=Yes|Gender=Masc|Number=Sing|Person=3|PronType=Prs
fr,2,.,.,PUNCT,,
fr,3,Il,lui,PRON,,Case=Nom|Emph=No|Gender=Masc|Number=Sing|Person=3|PronType=Prs
fr,3,assemble,assembler,VERB,,Mood=Ind|Number=Sing|Person=3|Tense=Pres|VerbForm=Fin
fr,3,tous,tout,ADJ,,Gender=Masc|Number=Plur
fr,3,les,le,DET,,Definite=Def|Number=Plur|PronType=Art
fr,3,principaux,principal,ADJ,,Gender=Masc|Number=Plur
fr,3,secrivée,secrivée,NOUN,,Number=Sing
fr,3,quator,quator,X,,
fr,3,et,et,CCONJ,,
fr,3,l',le,DET,,Definite=Def|Number=Sing|PronType=Art
fr,3,escribe,escribe,NOUN,,Number=Sing
fr,3,de,de,ADP,,
fr,3,le,le,DET,,Definite=Def|Gender=Masc|Number=Sing|PronType=Art
fr,3,peuple,peuple,NOUN,,Number=Sing
fr,3,",",",",PUNCT,,
fr,3,et,et,CCONJ,,
fr,3,leur,son,DET,,Number=Sing|Number[psor]=Plur|Person[psor]=3|Poss=Yes|PronType=Prs
fr,3,demande,demander,VERB,,Mood=Ind|Number=Sing|Person=3|Tense=Pres|VerbForm=Fin
fr,3,à,à,ADP,,
fr,3,où,où,PRON,,PronType=Rel
fr,3,devait,devoir,VERB,,Mood=Ind|Number=Sing|Person=3|Tense=Imp|VerbForm=Fin
fr,3,n',ne,ADV,,Polarity=Neg
fr,3,être,être,AUX,,VerbForm=Inf
fr,3,le,le,DET,,Definite=Def|Gender=Masc|Number=Sing|PronType=Art
fr,3,Christin,Christin,PROPN,,Gender=Masc|Number=Sing
fr,3,.,.,PUNCT,,
fr,4,Il,lui,PRON,,Case=Nom|Emph=No|Gender=Masc|Number=Sing|Person=3|PronType=Prs
fr,4,lui,lui,PRON,,Case=Dat|Emph=No|Number=Sing|Person=3|PronType=Prs
fr,4,est,être,AUX,,Mood=Ind|Number=Sing|Person=3|Tense=Pres|VerbForm=Fin
fr,4,répondu,répondre,VERB,,Gender=Masc|Number=Sing|VerbForm=Part|Voice=Pass
fr,4,à,à,ADP,,
fr,4,Bétlème,Bétlème,PROPN,,
fr,4,en,en,ADP,,
fr,4,juillet,juillet,NOUN,,Number=Sing
fr,4,des,un,DET,,Definite=Ind|Number=Plur|PronType=Art
fr,4,gars,gars,NOUN,,Number=Plur
fr,4,",",",",PUNCT,,
fr,4,car,car,CCONJ,,
fr,4,ainsi,ainsi,ADV,,
fr,4,a,avoir,AUX,,Mood=Ind|Number=Sing|Person=3|Tense=Pres|VerbForm=Fin
fr,4,été,être,AUX,,Gender=Masc|Number=Sing|VerbForm=Part
fr,4,écrit,écrire,VERB,,Gender=Masc|Number=Sing|VerbForm=Part|Voice=Pass
fr,4,par,par,ADP,,
fr,4,le,le,DET,,Definite=Def|Gender=Masc|Number=Sing|PronType=Art
fr,4,prophète,prophète,NOUN,,Number=Sing
fr,4,.,.,PUNCT,,
fr,5,Bère,Bère,PROPN,,
fr,5,de,de,ADP,,
fr,5,Judat,Judat,PROPN,,
fr,5,",",",",PUNCT,,
fr,5,tu,toi,PRON,,Case=Nom|Emph=No|Person=2|PronType=Prs
fr,5,n',ne,ADV,,Polarity=Neg
fr,5,es,être,AUX,,Mood=Ind|Number=Sing|Person=2|Tense=Pres|VerbForm=Fin
fr,5,pas,pas,ADV,,Polarity=Neg
fr,5,la,le,DET,,Definite=Def|Gender=Fem|Number=Sing|PronType=Art
fr,5,moindre,moindre,NOUN,,Number=Sing
fr,5,",",",",PUNCT,,
fr,5,en,en,PRON,,Emph=No|Person=3|PronType=Prs
fr,5,vendre,vendre,VERB,,VerbForm=Inf
fr,5,les,le,DET,,Definite=Def|Number=Plur|PronType=Art
fr,5,grandes,grand,ADJ,,Gender=Fem
fr,5,villes,ville,NOUN,,
fr,5,de,de,ADP,,
fr,5,Judat,Judat,PROPN,,
fr,5,.,.,PUNCT,,
fr,6,Car,car,CCONJ,,
fr,6,de,de,ADP,,
fr,6,toi,toi,PRON,,Emph=Yes|Number=Sing|Person=2|PronType=Prs
fr,6,sortir,sortir,VERB,,VerbForm=Inf
fr,6,un,un,DET,,Definite=Ind|Gender=Masc|Number=Sing|PronType=Art
fr,6,chèvre,chèvre,NOUN,,Number=Sing
fr,6,qui,qui,PRON,,PronType=Rel
fr,6,sera,être,AUX,,Mood=Ind|Number=Sing|Person=3|Tense=Fut|VerbForm=Fin
fr,6,le,le,DET,,Definite=Def|Gender=Masc|Number=Sing|PronType=Art
fr,6,Berger,Berger,NOUN,,Number=Sing
fr,6,d',de,ADP,,
fr,6,Israël,Israël,PROPN,,
fr,6,mon,son,DET,,Gender=Masc|Number=Sing|Number[psor]=Sing|Person[psor]=1|Poss=Yes|PronType=Prs
fr,6,peuple,peuple,NOUN,,Number=Sing
fr,6,.,.,PUNCT,,
fr,7,Et,et,CCONJ,,
fr,7,à,à,ADP,,ExtPos=ADV
fr,7,le,le,DET,,Definite=Def|Gender=Masc|Number=Sing|PronType=Art
fr,7,revoir,revoir,VERB,,VerbForm=Inf
fr,7,de,de,ADP,,
fr,7,plat,plat,NOUN,,Number=Sing
fr,7,",",",",PUNCT,,
fr,7,on,on,PRON,,Case=Nom|Emph=No|Gender=Masc|Number=Sing|Person=3|PronType=Ind
fr,7,se,soi,PRON,,Person=3|PronType=Prs|Reflex=Yes
fr,7,crée,créer,VERB,,Mood=Ind|Number=Sing|Person=3|Tense=Pres|VerbForm=Fin
fr,7,l',le,DET,,Definite=Def|Number=Sing|PronType=Art
fr,7,image,image,NOUN,,Number=Sing
fr,7,et,et,CCONJ,,
fr,7,s',soi,PRON,,Person=3|PronType=Prs|Reflex=Yes
fr,7,informa,informer,VERB,,Mood=Ind|Number=Sing|Person=3|Tense=Past|VerbForm=Fin
fr,7,d',de,ADP,,
fr,7,eux,eux,PRON,,Emph=Yes|Gender=Masc|Number=Plur|Person=3|PronType=Prs
fr,7,à,à,ADP,,
fr,7,quelle,quel,DET,,Gender=Fem|Number=Sing|PronType=Int
fr,7,heure,heure,NOUN,,Number=Sing
fr,7,exactement,exactement,ADV,,
fr,7,l',le,DET,,Definite=Def|Number=Sing|PronType=Art
fr,7,étoile,étoile,NOUN,,Number=Sing
fr,7,brillait,briller,VERB,,Mood=Ind|Number=Sing|Person=3|Tense=Imp|VerbForm=Fin
fr,7,pas,pas,ADV,,Polarity=Neg
fr,7,de,de,ADP,,ExtPos=ADV
fr,7,le,le,DET,,Definite=Def|Gender=Masc|Number=Sing|PronType=Art
fr,7,...,...,PUNCT,,
fr,8,Il,lui,PRON,,Case=Nom|Emph=No|Gender=Masc|Number=Sing|Person=3|PronType=Prs
fr,8,les,eux,PRON,,Case=Acc|Emph=No|Number=Plur|Person=3|PronType=Prs
fr,8,envoya,envoyer,VERB,,Mood=Ind|Number=Sing|Person=3|Tense=Past|VerbForm=Fin
fr,8,à,à,ADP,,
fr,8,Bétlème,Bétlème,PROPN,,
fr,8,en,en,ADP,,
fr,8,disant,dire,VERB,,VerbForm=Part
fr,8,à,à,ADP,,
fr,8,l',le,DET,,Definite=Def|Number=Sing|PronType=Art
fr,8,étoile,étoile,NOUN,,Number=Sing
fr,8,.,.,PUNCT,,
fr,9,Informez,informer,VERB,,Mood=Imp|Number=Plur|Person=2|Tense=Pres|VerbForm=Fin
fr,9,-vous,vous,PRON,,Case=Nom|Emph=No|Number=Plur|Person=2|PronType=Prs
fr,9,avec,avec,ADP,,
fr,9,soin,soin,NOUN,,Number=Sing
fr,9,de,de,ADP,,
fr,9,le,le,DET,,Definite=Def|Gender=Masc|Number=Sing|PronType=Art
fr,9,petit,petit,ADJ,,Gender=Masc|Number=Sing
fr,9,enfant,enfant,NOUN,,Number=Sing
fr,9,",",",",PUNCT,,
fr,9,homme,homme,NOUN,,Number=Sing
fr,9,.,.,PUNCT,,
fr,10,Quand,quand,SCONJ,,
fr,10,vous,vous,PRON,,Case=Nom|Emph=No|Number=Plur|Person=2|PronType=Prs
fr,10,l',lui,PRON,,Case=Acc|Emph=No|Number=Sing|Person=3|PronType=Prs
fr,10,aurez,avoir,AUX,,Mood=Ind|Number=Plur|Person=2|Tense=Fut|VerbForm=Fin
fr,10,trouvé,trouver,VERB,,Gender=Masc|Number=Sing|VerbForm=Part|Voice=Act
fr,10,",",",",PUNCT,,
fr,10,faites,faire,VERB,,Mood=Imp|Number=Plur|Person=2|Tense=Pres|VerbForm=Fin
fr,10,le,le,DET,,Definite=Def|Gender=Masc|Number=Sing|PronType=Art
fr,10,mois,mois,NOUN,,
fr,10,savoir,savoir,VERB,,VerbForm=Inf
fr,10,",",",",PUNCT,,
fr,10,afin,afin,ADV,,
fr,10,que,que,SCONJ,,
fr,10,Jair,Jair,PROPN,,
fr,10,",",",",PUNCT,,
fr,10,moi,moi,PRON,,Emph=Yes|Number=Sing|Person=1|PronType=Prs
fr,10,aussi,aussi,ADV,,
fr,10,l',lui,PRON,,Case=Acc|Emph=No|Number=Sing|Person=3|PronType=Prs
fr,10,adorer,adorer,VERB,,VerbForm=Inf
fr,10,.,.,PUNCT,,
fr,11,Et,et,CCONJ,,
fr,11,y',y,PRON,,Emph=No|Person=3|PronType=Prs
fr,11,en,en,PRON,,Emph=No|Person=3|PronType=Prs
fr,11,entendus,entendre,VERB,,Gender=Masc|Number=Plur|VerbForm=Part|Voice=Act
fr,11,le,le,DET,,Definite=Def|Gender=Masc|Number=Sing|PronType=Art
fr,11,roi,roi,NOUN,,Number=Sing
fr,11,",",",",PUNCT,,
fr,11,il,lui,PRON,,Case=Nom|Emph=No|Gender=Masc|Number=Sing|Person=3|PronType=Prs
fr,11,s',soi,PRON,,Person=3|PronType=Prs|Reflex=Yes
fr,11,en,en,PRON,,Emph=No|Person=3|PronType=Prs
fr,11,allère,aller,VERB,,Mood=Ind|Number=Sing|Person=3|Tense=Pres|VerbForm=Fin
fr,11,",",",",PUNCT,,
fr,11,et,et,CCONJ,,
fr,11,voici,voici,VERB,,
fr,11,l',le,DET,,Definite=Def|Number=Sing|PronType=Art
fr,11,étoile,étoile,NOUN,,Number=Sing
fr,11,qu',que,PRON,,PronType=Rel
fr,11,ils,eux,PRON,,Case=Nom|Emph=No|Gender=Masc|Number=Plur|Person=3|PronType=Prs
fr,11,avaient,avoir,AUX,,Mood=Ind|Number=Plur|Person=3|Tense=Imp|VerbForm=Fin
fr,11,vu,voir,VERB,,Gender=Masc|Number=Sing|VerbForm=Part|Voice=Act
fr,11,",",",",PUNCT,,
fr,11,en,en,ADP,,
fr,11,Orient,Orient,PROPN,,
fr,11,marchés,marché,NOUN,,Number=Plur
fr,11,devant,devant,ADP,,
fr,11,eux,eux,PRON,,Emph=Yes|Gender=Masc|Number=Plur|Person=3|PronType=Prs
fr,11,",",",",PUNCT,,
fr,11,jusqu',jusque,ADP,,
fr,11,à,à,ADP,,
fr,11,ce,ce,PRON,,Gender=Masc|Person=3|PronType=Dem
fr,11,qu',que,SCONJ,,
fr,11,elles,eux,PRON,,Case=Nom|Emph=No|Gender=Fem|Number=Plur|Person=3|PronType=Prs
fr,11,arrêtent,arrêter,VERB,,Mood=Sub|Number=Plur|Person=3|Tense=Pres|VerbForm=Fin
fr,11,au-dessus,au-dessus,ADV,,
fr,11,de,de,ADP,,
fr,11,le,le,DET,,Definite=Def|Gender=Masc|Number=Sing|PronType=Art
fr,11,lieu,lieu,NOUN,,Number=Sing
fr,11,où,où,PRON,,PronType=Rel
fr,11,était,être,AUX,,Mood=Ind|Number=Sing|Person=3|Tense=Imp|VerbForm=Fin
fr,11,le,le,DET,,Definite=Def|Gender=Masc|Number=Sing|PronType=Art
fr,11,petit,petit,ADJ,,Gender=Masc|Number=Sing
fr,11,enfant,enfant,NOUN,,Number=Sing
fr,11,.,.,PUNCT,,
fr,12,Quand,quand,SCONJ,,
fr,12,il,lui,PRON,,Case=Nom|Emph=No|Gender=Masc|Number=Sing|Person=3|PronType=Prs
fr,12,vire,virer,VERB,,Mood=Ind|Number=Sing|Person=3|Tense=Pres|VerbForm=Fin
fr,12,l',le,DET,,Definite=Def|Number=Sing|PronType=Art
fr,12,étoile,étoile,NOUN,,Number=Sing
fr,12,",",",",PUNCT,,
fr,12,il,lui,PRON,,Case=Nom|Emph=No|Gender=Masc|Number=Sing|Person=3|PronType=Prs
fr,12,fure,furer,VERB,,Mood=Ind|Number=Sing|Person=3|Tense=Pres|VerbForm=Fin
fr,12,sesies,sesie,NOUN,,Number=Plur
fr,12,d',de,ADP,,
fr,12,une,un,DET,,Definite=Ind|Gender=Fem|Number=Sing|PronType=Art
fr,12,autre,autre,ADJ,,Number=Sing
fr,12,grande,grand,ADJ,,Gender=Fem|Number=Sing
fr,12,joie,joie,NOUN,,Number=Sing
fr,12,.,.,PUNCT,,
fr,13,Ils,eux,PRON,,Case=Nom|Emph=No|Gender=Masc|Number=Plur|Person=3|PronType=Prs
fr,13,entraient,entrer,VERB,,Mood=Ind|Number=Plur|Person=3|Tense=Imp|VerbForm=Fin
fr,13,dans,dans,ADP,,
fr,13,la,le,DET,,Definite=Def|Gender=Fem|Number=Sing|PronType=Art
fr,13,maison,maison,NOUN,,Number=Sing
fr,13,vers,vers,ADP,,
fr,13,le,le,DET,,Definite=Def|Gender=Masc|Number=Sing|PronType=Art
fr,13,petit,petit,ADJ,,Gender=Masc|Number=Sing
fr,13,enfant,enfant,NOUN,,Number=Sing
fr,13,avec,avec,ADP,,
fr,13,Marie,Marie,PROPN,,
fr,13,sa,son,DET,,Gender=Fem|Number=Sing|Number[psor]=Sing|Person[psor]=3|Poss=Yes|PronType=Prs
fr,13,mère,mère,NOUN,,Number=Sing
fr,13,et,et,CCONJ,,
fr,13,ce,ce,PRON,,Gender=Masc|Person=3|PronType=Dem
fr,13,proistèrener,proistèrener,VERB,,VerbForm=Inf
fr,13,devant,devant,ADP,,
fr,13,lui,lui,PRON,,Emph=Yes|Gender=Masc|Number=Sing|Person=3|PronType=Prs
fr,13,.,.,PUNCT,,
fr,14,Ah,ah,INTJ,,
fr,14,!,!,PUNCT,,
fr,15,Ils,eux,PRON,,Case=Nom|Emph=No|Gender=Masc|Number=Plur|Person=3|PronType=Prs
fr,15,ouvraient,ouvrir,VERB,,Mood=Ind|Number=Plur|Person=3|Tense=Imp|VerbForm=Fin
fr,15,leur,son,DET,,Number=Sing|Number[psor]=Plur|Person[psor]=3|Poss=Yes|PronType=Prs
fr,15,trésor,trésor,NOUN,,Number=Sing
fr,15,et,et,CCONJ,,
fr,15,lui,lui,PRON,,Case=Dat|Emph=No|Number=Sing|Person=3|PronType=Prs
fr,15,offrir,offrir,VERB,,VerbForm=Inf
fr,15,tant,tant,ADV,,
fr,15,présent,présent,ADJ,,Gender=Masc|Number=Sing
fr,15,de,de,ADP,,ExtPos=DET
fr,15,l',le,DET,,Definite=Def|Number=Sing|PronType=Art
fr,15,or,or,NOUN,,Number=Sing
fr,15,",",",",PUNCT,,
fr,15,de,de,ADP,,ExtPos=DET
fr,15,l',le,DET,,Definite=Def|Number=Sing|PronType=Art
fr,15,ençant,ençant,NOUN,,Number=Sing
fr,15,et,et,CCONJ,,
fr,15,de,de,ADP,,
fr,15,la,le,DET,,Definite=Def|Gender=Fem|Number=Sing|PronType=Art
fr,15,mire,mirer,NOUN,,Number=Sing
fr,15,.,.,PUNCT,,
fr,16,Averti,avertir,VERB,,Gender=Masc|Number=Sing|VerbForm=Part|Voice=Pass
fr,16,en,en,ADP,,
fr,16,songe,songer,NOUN,,Number=Sing
fr,16,de,de,ADP,,
fr,16,ne,ne,ADV,,Polarity=Neg
fr,16,pas,pas,ADV,,Polarity=Neg
fr,16,autour,autour,ADV,,
fr,16,né,naître,VERB,,Gender=Masc|Number=Sing|VerbForm=Part|Voice=Act
fr,16,vers,vers,ADP,,
fr,16,Herode,Herode,PROPN,,
fr,16,",",",",PUNCT,,
fr,16,il,lui,PRON,,Case=Nom|Emph=No|Gender=Masc|Number=Sing|Person=3|PronType=Prs
fr,16,reganit,reganir,VERB,,Mood=Ind|Number=Sing|Person=3|Tense=Pres|VerbForm=Fin
fr,16,leur,son,DET,,Number=Sing|Number[psor]=Plur|Person[psor]=3|Poss=Yes|PronType=Prs
fr,16,pays,pays,NOUN,,
fr,16,par,par,ADP,,
fr,16,un,un,DET,,Definite=Ind|Gender=Masc|Number=Sing|PronType=Art
fr,16,autre,autre,ADJ,,Number=Sing
fr,16,chemin,chemin,NOUN,,Number=Sing
fr,16,.,.,PUNCT,,
fr,17,Après,après,ADP,,
fr,17,leur,son,DET,,Number=Sing|Number[psor]=Plur|Person[psor]=3|Poss=Yes|PronType=Prs
fr,17,départ,départ,NOUN,,Number=Sing
fr,17,",",",",PUNCT,,
fr,17,voici,voici,VERB,,
fr,17,un,un,DET,,Definite=Ind|Gender=Masc|Number=Sing|PronType=Art
fr,17,ange,ange,NOUN,,Number=Sing
fr,17,de,de,ADP,,
fr,17,le,le,DET,,Definite=Def|Gender=Masc|Number=Sing|PronType=Art
fr,17,Seigneur,seigneur,NOUN,,Number=Sing
fr,17,apparut,apparaître,VERB,,Mood=Ind|Number=Sing|Person=3|Tense=Past|VerbForm=Fin
fr,17,en,en,ADP,,
fr,17,songe,songer,NOUN,,Number=Sing
fr,17,à,à,ADP,,
fr,17,Joseph,Joseph,PROPN,,
fr,17,et,et,CCONJ,,
fr,17,dit,dire,VERB,,Gender=Masc|Number=Sing|VerbForm=Part|Voice=Pass
fr,17,«,«,PUNCT,,
fr,17,Lève-toi,Lève-toi,PROPN,,
fr,17,»,»,PUNCT,,
fr,17,.,.,PUNCT,,
fr,18,«,«,PUNCT,,
fr,18,Prend,prendre,VERB,,Mood=Ind|Number=Sing|Person=2|Tense=Pres|VerbForm=Fin
fr,18,le,le,DET,,Definite=Def|Gender=Masc|Number=Sing|PronType=Art
fr,18,petit,petit,ADJ,,Gender=Masc|Number=Sing
fr,18,enfant,enfant,NOUN,,Number=Sing
fr,18,et,et,CCONJ,,
fr,18,sa,son,DET,,Gender=Fem|Number=Sing|Number[psor]=Sing|Person[psor]=3|Poss=Yes|PronType=Prs
fr,18,mère,mère,NOUN,,Number=Sing
fr,18,",",",",PUNCT,,
fr,18,puis,puis,CCONJ,,
fr,18,en,en,ADP,,
fr,18,égypte,égypte,NOUN,,Number=Sing
fr,18,et,et,CCONJ,,
fr,18,restes,reste,NOUN,,Number=Plur
fr,18,-y,y,PRON,,Emph=No|Person=3|PronType=Prs
fr,18,jusqu',jusque,ADP,,
fr,18,à,à,ADP,,
fr,18,ce,ce,PRON,,Gender=Masc|Person=3|PronType=Dem
fr,18,que,que,SCONJ,,
fr,18,je,moi,PRON,,Case=Nom|Emph=No|Number=Sing|Person=1|PronType=Prs
fr,18,te,toi,PRON,,Case=Dat|Emph=No|Number=Sing|Person=2|PronType=Prs
fr,18,dis,dire,VERB,,Mood=Ind|Number=Sing|Person=1|Tense=Pres|VerbForm=Fin
fr,18,à,à,ADP,,
fr,18,Car,Car,PROPN,,
fr,18,et,et,CCONJ,,
fr,18,Herode,Herode,PROPN,,
fr,18,.,.,PUNCT,,
fr,19,Recherchera,rechercher,VERB,,Mood=Ind|Number=Sing|Person=3|Tense=Fut|VerbForm=Fin
fr,19,le,le,DET,,Definite=Def|Gender=Masc|Number=Sing|PronType=Art
fr,19,petit,petit,ADJ,,Gender=Masc|Number=Sing
fr,19,enfant,enfant,NOUN,,Number=Sing
fr,19,pour,pour,ADP,,
fr,19,le,lui,PRON,,Case=Acc|Emph=No|Gender=Masc|Number=Sing|Person=3|PronType=Prs
fr,19,faire,faire,AUX,,VerbForm=Inf
fr,19,périr,périr,VERB,,VerbForm=Inf
fr,19,»,»,PUNCT,,
fr,19,.,.,PUNCT,,
fr,20,Joseph,Joseph,PROPN,,
fr,20,se,soi,PRON,,Person=3|PronType=Prs|Reflex=Yes
fr,20,le,lui,PRON,,Case=Acc|Emph=No|Gender=Masc|Number=Sing|Person=3|PronType=Prs
fr,20,va,aller,VERB,,Mood=Ind|Number=Sing|Person=3|Tense=Pres|VerbForm=Fin
fr,20,pris,prendre,VERB,,Gender=Masc|VerbForm=Part|Voice=Pass
fr,20,de,de,ADP,,
fr,20,nuit,nuit,NOUN,,Number=Sing
fr,20,",",",",PUNCT,,
fr,20,le,le,DET,,Definite=Def|Gender=Masc|Number=Sing|PronType=Art
fr,20,petit,petit,ADJ,,Gender=Masc|Number=Sing
fr,20,enfant,enfant,NOUN,,Number=Sing
fr,20,et,et,CCONJ,,
fr,20,sa,son,DET,,Gender=Fem|Number=Sing|Number[psor]=Sing|Person[psor]=3|Poss=Yes|PronType=Prs
fr,20,mère,mère,NOUN,,Number=Sing
fr,20,et,et,CCONJ,,
fr,20,se,soi,PRON,,Person=3|PronType=Prs|Reflex=Yes
fr,20,retirera,retirer,VERB,,Mood=Ind|Number=Sing|Person=3|Tense=Fut|VerbForm=Fin
fr,20,en,en,ADP,,
fr,20,égypte,égypte,NOUN,,Number=Sing
fr,20,.,.,PUNCT,,
fr,21,Il,lui,PRON,,Case=Nom|Emph=No|Gender=Masc|Number=Sing|Person=3|PronType=Prs
fr,21,est,être,AUX,,Mood=Ind|Number=Sing|Person=3|Tense=Pres|VerbForm=Fin
fr,21,restat,restat,NOUN,,Number=Sing
fr,21,jusqu',jusque,ADP,,
fr,21,à,à,ADP,,
fr,21,la,le,DET,,Definite=Def|Gender=Fem|Number=Sing|PronType=Art
fr,21,mort,mort,NOUN,,Number=Sing
fr,21,de,de,ADP,,
fr,21,les,le,DET,,Definite=Def|Number=Plur|PronType=Art
fr,21,Rhodes,Rhodes,PROPN,,Number=Plur
fr,21,.,.,PUNCT,,
fr,22,Afin,afin,ADV,,
fr,22,que,que,SCONJ,,
fr,22,ça,ça,PRON,,Gender=Masc|Number=Sing|Person=3|PronType=Dem
fr,22,complit,complir,VERB,,Mood=Sub|Number=Sing|Person=3|Tense=Pres|VerbForm=Fin
fr,22,",",",",PUNCT,,
fr,22,ce,ce,PRON,,Gender=Masc|Person=3|PronType=Dem
fr,22,que,que,PRON,,PronType=Rel
fr,22,le,le,DET,,Definite=Def|Gender=Masc|Number=Sing|PronType=Art
fr,22,Seigneur,seigneur,NOUN,,Number=Sing
fr,22,avait,avoir,AUX,,Mood=Ind|Number=Sing|Person=3|Tense=Imp|VerbForm=Fin
fr,22,annoncé,annoncer,VERB,,Gender=Masc|Number=Sing|VerbForm=Part|Voice=Act
fr,22,par,par,ADP,,
fr,22,le,le,DET,,Definite=Def|Gender=Masc|Number=Sing|PronType=Art
fr,22,prophète,prophète,NOUN,,Number=Sing
fr,22,",",",",PUNCT,,
fr,22,j',moi,PRON,,Case=Nom|Emph=No|Number=Sing|Person=1|PronType=Prs
fr,22,ai,avoir,AUX,,Mood=Ind|Number=Sing|Person=1|Tense=Pres|VerbForm=Fin
fr,22,appelé,appeler,VERB,,Gender=Masc|Number=Sing|VerbForm=Part|Voice=Act
fr,22,mon,son,DET,,Gender=Masc|Number=Sing|Number[psor]=Sing|Person[psor]=1|Poss=Yes|PronType=Prs
fr,22,fils,fils,NOUN,,
fr,22,«,«,PUNCT,,
fr,22,Or,or,NOUN,,Number=Sing
fr,22,de,de,ADP,,
fr,22,les,le,DET,,Definite=Def|Number=Plur|PronType=Art
fr,22,Gippes,Gippes,PROPN,,Number=Plur
fr,22,»,»,PUNCT,,
fr,22,.,.,PUNCT,,
fr,23,Herode,Herode,PROPN,,
fr,23,",",",",PUNCT,,
fr,23,voyons,voir,VERB,,Mood=Imp|Number=Plur|Person=2|Tense=Pres|VerbForm=Fin
fr,23,qu',que,SCONJ,,
fr,23,il,lui,PRON,,Case=Nom|Emph=No|Gender=Masc|Number=Sing|Person=3|PronType=Prs
fr,23,se,soi,PRON,,Person=3|PronType=Prs|Reflex=Yes
fr,23,moquait,moquer,VERB,,Mood=Ind|Number=Sing|Person=3|Tense=Imp|VerbForm=Fin
fr,23,de,de,ADP,,
fr,23,les,le,DET,,Definite=Def|Number=Plur|PronType=Art
fr,23,mages,mage,NOUN,,Number=Plur
fr,23,en,en,ADP,,
fr,23,train,train,NOUN,,Number=Sing
fr,23,dans,dans,ADP,,
fr,23,une,un,PRON,,Gender=Fem|Number=Sing|Person=3|PronType=Ind
fr,23,.,.,PUNCT,,
fr,24,Grand,grand,NOUN,,Number=Sing
fr,24,de,de,ADP,,
fr,24,colère,colère,NOUN,,Number=Sing
fr,24,",",",",PUNCT,,
fr,24,il,lui,PRON,,Case=Nom|Emph=No|Gender=Masc|Number=Sing|Person=3|PronType=Prs
fr,24,envoya,envoyer,VERB,,Mood=Ind|Number=Sing|Person=3|Tense=Past|VerbForm=Fin
fr,24,«,«,PUNCT,,
fr,24,tu,toi,PRON,,Case=Nom|Emph=No|Number=Sing|Person=2|PronType=Prs
fr,24,es,être,AUX,,Mood=Ind|Number=Sing|Person=2|Tense=Pres|VerbForm=Fin
fr,24,tous,tout,ADJ,,Gender=Masc|Number=Plur
fr,24,les,le,DET,,Definite=Def|Number=Plur|PronType=Art
fr,24,enfants,enfant,NOUN,,Number=Plur
fr,24,»,»,PUNCT,,
fr,24,.,.,PUNCT,,
fr,25,Malin,Malin,PROPN,,
fr,25,",",",",PUNCT,,
fr,25,deux,deux,NUM,,
fr,25,ans,an,NOUN,,Number=Plur
fr,25,et,et,CCONJ,,
fr,25,à,à,ADP,,
fr,25,les,le,DET,,Definite=Def|Number=Plur|PronType=Art
fr,25,deux,deux,NUM,,
fr,25,ans,an,NOUN,,Number=Plur
fr,25,et,et,CCONJ,,
fr,25,à,à,ADP,,
fr,25,les,le,DET,,Definite=Def|Number=Plur|PronType=Art
fr,25,deux,deux,NUM,,
fr,25,sous,sou,NOUN,,Number=Plur
fr,25,",",",",PUNCT,,
fr,25,qui,qui,PRON,,PronType=Rel
fr,25,étaient,être,VERB,,Mood=Ind|Number=Plur|Person=3|Tense=Imp|VerbForm=Fin
fr,25,à,à,ADP,,
fr,25,bêtler,bêtler,VERB,,VerbForm=Inf
fr,25,M,M,NOUN,,Number=Sing
fr,25,et,et,CCONJ,,
fr,25,dans,dans,ADP,,
fr,25,toutes,tout,PRON,,Gender=Fem|Number=Plur|Person=3|PronType=Ind
fr,25,.,.,PUNCT,,
fr,26,Mais,mais,CCONJ,,
fr,26,tout,tout,PRON,,Gender=Masc|Number=Sing|Person=3|PronType=Ind
fr,26,de,de,ADP,,
fr,26,l',le,DET,,Definite=Def|Number=Sing|PronType=Art
fr,26,agrande,agrande,NOUN,,Number=Sing
fr,26,",",",",PUNCT,,
fr,26,le,le,DET,,Definite=Def|Gender=Masc|Number=Sing|PronType=Art
fr,26,temps,temps,NOUN,,
fr,26,qu',que,PRON,,PronType=Rel
fr,26,il,lui,PRON,,Case=Nom|Emph=No|Gender=Masc|Number=Sing|Person=3|PronType=Prs
fr,26,avait,avoir,AUX,,Mood=Ind|Number=Sing|Person=3|Tense=Imp|VerbForm=Fin
fr,26,appris,apprendre,VERB,,Gender=Masc|Number=Sing|VerbForm=Part|Voice=Act
fr,26,d',de,ADP,,
fr,26,emages,emage,NOUN,,Number=Plur
fr,26,",",",",PUNCT,,
fr,26,alors,alors,ADV,,
fr,26,ça,ça,PRON,,Gender=Masc|Number=Sing|Person=3|PronType=Dem
fr,26,complit,complir,VERB,,Mood=Ind|Number=Sing|Person=3|Tense=Pres|VerbForm=Fin
fr,26,ce,ce,PRON,,Gender=Masc|Person=3|PronType=Dem
fr,26,qu',que,PRON,,PronType=Rel
fr,26,il,lui,PRON,,Case=Nom|Emph=No|Gender=Masc|Number=Sing|Person=3|PronType=Prs
fr,26,avait,avoir,AUX,,Mood=Ind|Number=Sing|Person=3|Tense=Imp|VerbForm=Fin
fr,26,été,être,AUX,,Gender=Masc|Number=Sing|VerbForm=Part
fr,26,annoncé,annoncer,VERB,,Gender=Masc|Number=Sing|VerbForm=Part|Voice=Pass
fr,26,par,par,ADP,,
fr,26,le,le,DET,,Definite=Def|Gender=Masc|Number=Sing|PronType=Art
fr,26,prophète,prophète,NOUN,,Number=Sing
fr,26,Jirin,Jirin,PROPN,,
fr,26,à,à,ADP,,
fr,26,la,le,DET,,Definite=Def|Gender=Fem|Number=Sing|PronType=Art
fr,26,.,.,PUNCT,,
fr,27,On,on,PRON,,Case=Nom|Emph=No|Gender=Masc|Number=Sing|Person=3|PronType=Ind
fr,27,entendut,entendre,VERB,,Mood=Ind|Number=Sing|Person=3|Tense=Pres|VerbForm=Fin
fr,27,des,un,DET,,Definite=Ind|Number=Plur|PronType=Art
fr,27,cris,cri,NOUN,,Number=Plur
fr,27,Arama,Arama,PROPN,,
fr,27,",",",",PUNCT,,
fr,27,des,un,DET,,Definite=Ind|Number=Plur|PronType=Art
fr,27,lamentations,lamentation,NOUN,,Number=Plur
fr,27,",",",",PUNCT,,
fr,27,des,un,DET,,Definite=Ind|Number=Plur|PronType=Art
fr,27,pleurs,pleur,NOUN,,Number=Plur
fr,27,et,et,CCONJ,,
fr,27,de,un,DET,,Definite=Ind|Number=Plur|PronType=Art
fr,27,grandes,grand,ADJ,,Gender=Fem|Number=Plur
fr,27,lamentations,lamentation,NOUN,,Number=Plur
fr,27,.,.,PUNCT,,
fr,28,Pleur,pleur,NOUN,,Number=Sing
fr,28,",",",",PUNCT,,
fr,28,Rache,Rache,PROPN,,
fr,28,",",",",PUNCT,,
fr,28,elle,lui,PRON,,Case=Nom|Emph=No|Gender=Fem|Number=Sing|Person=3|PronType=Prs
fr,28,pleure,pleurer,VERB,,Mood=Ind|Number=Sing|Person=3|Tense=Pres|VerbForm=Fin
fr,28,ses,son,DET,,Number=Plur|Number[psor]=Sing|Person[psor]=3|Poss=Yes|PronType=Prs
fr,28,enfants,enfant,NOUN,,Number=Plur
fr,28,et,et,CCONJ,,
fr,28,elle,lui,PRON,,Case=Nom|Emph=No|Gender=Fem|Number=Sing|Person=3|PronType=Prs
fr,28,pas,pas,ADV,,Polarity=Neg
fr,28,voulu,vouloir,VERB,,Gender=Masc|Number=Sing|VerbForm=Part|Voice=Act
fr,28,être,être,AUX,,VerbForm=Inf
fr,28,consolée,consoler,VERB,,Gender=Fem|Number=Sing|VerbForm=Part|Voice=Pass
fr,28,",",",",PUNCT,,
fr,28,parce,parce,ADV,,ExtPos=SCONJ
fr,28,qu',que,SCONJ,,
fr,28,ils,eux,PRON,,Case=Nom|Emph=No|Gender=Masc|Number=Plur|Person=3|PronType=Prs
fr,28,ne,ne,ADV,,Polarity=Neg
fr,28,sont,être,VERB,,Mood=Ind|Number=Plur|Person=3|Tense=Pres|VerbForm=Fin
fr,28,plus,plus,ADV,,Polarity=Neg
fr,28,.,.,PUNCT,,
fr,29,Après,après,ADP,,
fr,29,la,le,DET,,Definite=Def|Gender=Fem|Number=Sing|PronType=Art
fr,29,mort,mort,NOUN,,Number=Sing
fr,29,de,de,ADP,,
fr,29,les,le,DET,,Definite=Def|Number=Plur|PronType=Art
fr,29,Rhodes,Rhodes,PROPN,,Number=Plur
fr,29,voici,voici,VERB,,
fr,29,",",",",PUNCT,,
fr,29,un,un,DET,,Definite=Ind|Gender=Masc|Number=Sing|PronType=Art
fr,29,ange,ange,NOUN,,Number=Sing
fr,29,de,de,ADP,,
fr,29,le,le,DET,,Definite=Def|Gender=Masc|Number=Sing|PronType=Art
fr,29,Seigneur,seigneur,NOUN,,Number=Sing
fr,29,a,avoir,AUX,,Mood=Ind|Number=Sing|Person=3|Tense=Pres|VerbForm=Fin
fr,29,taru,taroître,VERB,,Gender=Masc|Number=Sing|VerbForm=Part|Voice=Act
fr,29,en,en,ADP,,
fr,29,songe,songer,NOUN,,Number=Sing
fr,29,à,à,ADP,,
fr,29,Joseph,Joseph,PROPN,,
fr,29,en,en,ADP,,
fr,29,égypte,égypte,NOUN,,Number=Sing
fr,29,et,et,CCONJ,,
fr,29,dit,dire,VERB,,Gender=Masc|Number=Sing|VerbForm=Part|Voice=Pass
fr,29,«,«,PUNCT,,
fr,29,Lève,Lève,PROPN,,
fr,29,toi,toi,PRON,,Emph=Yes|Number=Sing|Person=2|PronType=Prs
fr,29,»,»,PUNCT,,
fr,29,.,.,PUNCT,,
fr,30,«,«,PUNCT,,
fr,30,Prends,prendre,VERB,,Mood=Imp|Number=Sing|Person=2|Tense=Pres|VerbForm=Fin
fr,30,le,le,DET,,Definite=Def|Gender=Masc|Number=Sing|PronType=Art
fr,30,petit,petit,ADJ,,Gender=Masc|Number=Sing
fr,30,enfant,enfant,NOUN,,Number=Sing
fr,30,et,et,CCONJ,,
fr,30,sa,son,DET,,Gender=Fem|Number=Sing|Number[psor]=Sing|Person[psor]=3|Poss=Yes|PronType=Prs
fr,30,mère,mère,NOUN,,Number=Sing
fr,30,est,être,AUX,,Mood=Ind|Number=Sing|Person=3|Tense=Pres|VerbForm=Fin
fr,30,vat,vat,X,,
fr,30,dans,dans,ADP,,
fr,30,le,le,DET,,Definite=Def|Gender=Masc|Number=Sing|PronType=Art
fr,30,pays,pays,NOUN,,
fr,30,d',de,ADP,,
fr,30,Israël,Israël,PROPN,,
fr,30,»,»,PUNCT,,
fr,30,.,.,PUNCT,,
fr,31,Car,car,CCONJ,,
fr,31,ceux,celui,PRON,,Gender=Masc|Number=Plur|Person=3|PronType=Dem
fr,31,qui,qui,PRON,,PronType=Rel
fr,31,en,en,PRON,,Emph=No|Person=3|PronType=Prs
fr,31,voulaient,vouloir,VERB,,Mood=Ind|Number=Plur|Person=3|Tense=Imp|VerbForm=Fin
fr,31,à,à,ADP,,
fr,31,la,le,DET,,Definite=Def|Gender=Fem|Number=Sing|PronType=Art
fr,31,vie,vie,NOUN,,Number=Sing
fr,31,de,de,ADP,,
fr,31,le,le,DET,,Definite=Def|Gender=Masc|Number=Sing|PronType=Art
fr,31,petit,petit,ADJ,,Gender=Masc|Number=Sing
fr,31,enfant,enfant,NOUN,,Number=Sing
fr,31,sont,être,AUX,,Mood=Ind|Number=Plur|Person=3|Tense=Pres|VerbForm=Fin
fr,31,morts,mourir,VERB,,Gender=Masc|Number=Plur|VerbForm=Part|Voice=Pass
fr,31,en,en,ADP,,
fr,31,pauvre,pauvre,NOUN,,Number=Sing
fr,31,.,.,PUNCT,,
fr,32,Il,lui,PRON,,Case=Nom|Emph=No|Gender=Masc|Number=Sing|Person=3|PronType=Prs
fr,32,se,soi,PRON,,Person=3|PronType=Prs|Reflex=Yes
fr,32,le,lui,PRON,,Case=Acc|Emph=No|Gender=Masc|Number=Sing|Person=3|PronType=Prs
fr,32,va,aller,VERB,,Mood=Ind|Number=Sing|Person=3|Tense=Pres|VerbForm=Fin
fr,32,",",",",PUNCT,,
fr,32,pris,prendre,VERB,,Gender=Masc|VerbForm=Part|Voice=Pass
fr,32,le,le,DET,,Definite=Def|Gender=Masc|Number=Sing|PronType=Art
fr,32,petit,petit,ADJ,,Gender=Masc|Number=Sing
fr,32,enfant,enfant,NOUN,,Number=Sing
fr,32,et,et,CCONJ,,
fr,32,sa,son,DET,,Gender=Fem|Number=Sing|Number[psor]=Sing|Person[psor]=3|Poss=Yes|PronType=Prs
fr,32,mère,mère,NOUN,,Number=Sing
fr,32,et,et,CCONJ,,
fr,32,se,soi,PRON,,Person=3|PronType=Prs|Reflex=Yes
fr,32,rendit,rendre,VERB,,Mood=Ind|Number=Sing|Person=3|Tense=Past|VerbForm=Fin
fr,32,dans,dans,ADP,,
fr,32,le,le,DET,,Definite=Def|Gender=Masc|Number=Sing|PronType=Art
fr,32,pays,pays,NOUN,,
fr,32,d',de,ADP,,
fr,32,Israël,Israël,PROPN,,
fr,32,.,.,PUNCT,,
fr,33,Mais,mais,CCONJ,,
fr,33,ayant,avoir,AUX,,VerbForm=Part
fr,33,appris,apprendre,VERB,,Gender=Masc|Number=Sing|VerbForm=Part|Voice=Act
fr,33,",",",",PUNCT,,
fr,33,car,car,CCONJ,,
fr,33,chez,chez,ADP,,
fr,33,la,le,DET,,Definite=Def|Gender=Fem|Number=Sing|PronType=Art
fr,33,Usserénia,Usserénia,PROPN,,Gender=Fem|Number=Sing
fr,33,",",",",PUNCT,,
fr,33,sur,sur,ADP,,
fr,33,l',le,DET,,Definite=Def|Number=Sing|PronType=Art
fr,33,ajudée,ajudée,NOUN,,Number=Sing
fr,33,à,à,ADP,,
fr,33,la,le,DET,,Definite=Def|Gender=Fem|Number=Sing|PronType=Art
fr,33,place,place,NOUN,,Number=Sing
fr,33,de,de,ADP,,
fr,33,les,le,DET,,Definite=Def|Number=Plur|PronType=Art
fr,33,Rhodes,Rhodes,PROPN,,Number=Plur
fr,33,",",",",PUNCT,,
fr,33,son,son,DET,,Gender=Masc|Number=Sing|Number[psor]=Sing|Person[psor]=3|Poss=Yes|PronType=Prs
fr,33,père,père,NOUN,,Number=Sing
fr,33,",",",",PUNCT,,
fr,33,il,lui,PRON,,Case=Nom|Emph=No|Gender=Masc|Number=Sing|Person=3|PronType=Prs
fr,33,lui,lui,PRON,,Case=Dat|Emph=No|Number=Sing|Person=3|PronType=Prs
fr,33,peur,peur,VERB,,Mood=Ind|Number=Sing|Person=3|Tense=Pres|VerbForm=Fin
fr,33,d',de,ADP,,
fr,33,y,y,PRON,,Emph=No|Person=3|PronType=Prs
fr,33,aller,aller,VERB,,VerbForm=Inf
fr,33,.,.,PUNCT,,
fr,34,Avertir,avertir,VERB,,VerbForm=Inf
fr,34,en,en,ADP,,
fr,34,son,son,DET,,Gender=Masc|Number=Sing|Number[psor]=Sing|Person[psor]=3|Poss=Yes|PronType=Prs
fr,34,",",",",PUNCT,,
fr,34,Jirin,Jirin,PROPN,,
fr,34,se,soi,PRON,,Person=3|PronType=Prs|Reflex=Yes
fr,34,retirera,retirer,VERB,,Mood=Ind|Number=Sing|Person=3|Tense=Fut|VerbForm=Fin
fr,34,dans,dans,ADP,,
fr,34,le,le,DET,,Definite=Def|Gender=Masc|Number=Sing|PronType=Art
fr,34,territoire,territoire,NOUN,,Number=Sing
fr,34,de,de,ADP,,
fr,34,Galilée,Galilée,PROPN,,
fr,34,vingt-habité,vingt-habité,ADJ,,Gender=Masc|Number=Sing
fr,34,",",",",PUNCT,,
fr,34,dans,dans,ADP,,
fr,34,une,un,DET,,Definite=Ind|Gender=Fem|Number=Sing|PronType=Art
fr,34,ville,ville,NOUN,,Number=Sing
fr,34,appelée,appeler,VERB,,Gender=Fem|Number=Sing|VerbForm=Part|Voice=Pass
fr,34,Nazarete,Nazarete,PROPN,,
fr,34,afin,afin,ADV,,
fr,34,que,que,SCONJ,,
fr,34,…,…,PUNCT,,
fr,35,Ca,ça,PRON,,Gender=Masc|Number=Sing|Person=3|PronType=Dem
fr,35,accomplit,accomplir,VERB,,Mood=Ind|Number=Sing|Person=3|Tense=Pres|VerbForm=Fin
fr,35,ce,ce,PRON,,Gender=Masc|Person=3|PronType=Dem
fr,35,qu',que,PRON,,PronType=Rel
fr,35,il,lui,PRON,,Case=Nom|Emph=No|Gender=Masc|Number=Sing|Person=3|PronType=Prs
fr,35,avait,avoir,AUX,,Mood=Ind|Number=Sing|Person=3|Tense=Imp|VerbForm=Fin
fr,35,été,être,AUX,,Gender=Masc|Number=Sing|VerbForm=Part
fr,35,annoncé,annoncer,VERB,,Gender=Masc|Number=Sing|VerbForm=Part|Voice=Pass
fr,35,par,par,ADP,,
fr,35,les,le,DET,,Definite=Def|Number=Plur|PronType=Art
fr,35,prophètes,prophète,NOUN,,Number=Plur
fr,35,.,.,PUNCT,,
fr,36,Il,lui,PRON,,Case=Nom|Emph=No|Gender=Masc|Number=Sing|Person=3|PronType=Prs
fr,36,sera,être,AUX,,Mood=Ind|Number=Sing|Person=3|Tense=Fut|VerbForm=Fin
fr,36,appelé,appeler,VERB,,Gender=Masc|Number=Sing|VerbForm=Part|Voice=Pass
fr,36,Nazarein,Nazarein,PROPN,,
fr,36,.,.,PUNCT,,
ko,1,히로도왕,히로도왕,PROPN,nq,
ko,1,시대에,시대+에,ADV,ncn+jca,
ko,1,예습께서,예습+께서,NOUN,ncn+jcs,
ko,1,유대,유대,NOUN,ncn,
ko,1,배들래에면서,배+들+래+에게서,ADV,ncn+ncn+jca,
ko,1,태어나셨을,태어나+셨+ㄹ,VERB,pvg+ep+etm,
ko,1,때,때,NOUN,ncn,
ko,1,동방에서,동방+에서,ADV,ncn+jca,
ko,1,온,오+ㄴ,VERB,pvg+etm,
ko,1,현자들이,현자+들+이,NOUN,ncn+xsn+jcs,
ko,1,예로살레메이르러,예로살레메이르러,PROPN,nq+jcs,
ko,1,유대인의,유대인+의,NOUN,ncn+jcm,
ko,1,왕으로,왕+으로,ADV,ncn+jca,
ko,1,태어나,태어나+아,SCONJ,pvg+ecs,
ko,1,신분이,신분+이,NOUN,ncn+jcs,
ko,1,어디,어디,PRON,npd,
ko,1,계십니까,계시+ㅂ니까,SCONJ,pvg+ecs,
ko,1,우리가,우리+가,PRON,npp+jcs,
ko,1,동방에서,동방+에서,ADV,ncn+jca,
ko,1,그분의,그분+의,PRON,npp+jcm,
ko,1,별을,별+을,NOUN,ncn+jco,
ko,1,보고,보+고,CCONJ,pvg+ecc,
ko,1,그분께,그분+께,PRON,npp+jcs,
ko,1,경배하러,경배+하+러,VERB,ncpa+xsv+ecx,
ko,1,왔습니다,오+았+습니다,SCONJ,px+ep+ecs,
ko,1,라고,라고,VERB,pvg+ef+jcr,
ko,1,말했습니다,말하+었+습니다,VERB,pvg+ep+ef,
ko,1,.,.,PUNCT,sf,
ko,2,히로도왕은히,히로도왕은히,PROPN,nq+jxt,
ko,2,말을,말+을,NOUN,ncpa+jco,
ko,2,듣고,듣+고,CCONJ,pvg+ecc,
ko,2,걱정이,걱정+이,NOUN,ncpa+jcs,
ko,2,많았고,많+았+고,CCONJ,paa+ep+ecc,
ko,2,온,오+ㄴ,VERB,pvg+etm,
ko,2,예로살렘,예로+살렘,NOUN,ncn,
ko,2,백성도,백성+도,ADV,ncn+jxc,
ko,2,그와,그+와,CCONJ,npp+jct,
ko,2,함께,함께,ADV,mag,
ko,2,걱정했습니다,걱정+하+었+습니다,VERB,ncpa+xsv+ep+ef,
ko,2,.,.,PUNCT,sf,
ko,3,히로,히로,NOUN,ncn,
ko,3,쓴,쓰+ㄴ,VERB,pvg+etm,
ko,3,모든,모든,ADJ,mma,
ko,3,대재사장과,대재+사장+과,CCONJ,ncn+ncn+jcj,
ko,3,백성의,백성+의,NOUN,ncn+jcm,
ko,3,율법학자들을,율법학자+들+을,NOUN,ncn+ncn+xsn,
ko,3,불러무와,불러무+와,CCONJ,ncn+jcj,
ko,3,그리스도가,그리스도+가,PROPN,nq+jcs,
ko,3,어디에서,어디+에서,ADV,npd+jca,
ko,3,태어날,태어나+ㄹ,VERB,pvg+etm,
ko,3,것인지,것+이+ㄴ지,VERB,nbn+jp+ef+jcr,
ko,3,물었습니다,묻+었+습니다,VERB,pvg+ep+ef,
ko,3,.,.,PUNCT,sf,
ko,4,그들이,그+들+이,PRON,npp+xsn+jcs,
ko,4,유대,유대,NOUN,ncn,
ko,4,배들래에면서,배+들+래+에게서,ADV,ncn+ncn+jca,
ko,4,태어날,태어나+ㄹ,VERB,pvg+etm,
ko,4,것입니다,것+이+ㅂ니다,VERB,nbn+jp+ef,
ko,4,.,.,PUNCT,sf,
ko,5,선지자가,선지자+가,NOUN,ncn+jcs,
ko,5,이렇게,이렇+게,SCONJ,pad+ecs,
ko,5,기록했기,기록+하+었+기,VERB,ncpa+xsv+ep+etn,
ko,5,때문입니다,때문+이+ㅂ니다,VERB,nbn+jp+ef,
ko,5,.,.,PUNCT,sf,
ko,6,유다,유다,PROPN,nq,
ko,6,땅,땅,NOUN,ncn,
ko,6,배들래에마,배+들+래+에마,ADV,ncn+ncn+jca+jxc,
ko,6,너는,너+는,PRON,npp+jxt,
ko,6,유다의,유다+의,PROPN,nq+jcm,
ko,6,지도자들,지도자+들,NOUN,ncn+xsn,
ko,6,가운데,가운데,NOUN,ncn,
ko,6,가장,가장,ADV,mag,
ko,6,작은,작+ㄴ,ADJ,paa+etm,
ko,6,곳이,곳+이,NOUN,ncn+jcs,
ko,6,아니니,아니+니,SCONJ,paa+ecs,
ko,6,너에게서,너+에게서,ADV,ncn+jca,
ko,6,내,내,PRON,npp,
ko,6,백성,백성,NOUN,ncn,
ko,6,이스라엘을,이스라엘+을,PROPN,nq+jco,
ko,6,다스릴,다스리+ㄹ,VERB,pvg+etm,
ko,6,총독이,총독+이,NOUN,ncn+jcs,
ko,6,나올,나오+ㄹ,VERB,pvg+etm,
ko,6,것이다,것+이+다,VERB,nbn+jp+ef,
ko,6,라고,라고,VERB,pvg+ef+jcr,
ko,6,대답했습니다,대답+하+었+습니다,VERB,ncpa+xsv+ep+ef,
ko,6,.,.,PUNCT,sf,
ko,7,히로,히로,NOUN,ncn,
ko,7,쓴,쓰+ㄴ,VERB,pvg+etm,
ko,7,몰래,몰래,NOUN,ncn,
ko,7,현자들을,현자+들+을,NOUN,ncn+xsn+jco,
ko,7,불러,부르+어,SCONJ,pvg+ecs,
ko,7,별이,별+이,NOUN,ncn+jcs,
ko,7,나타난,나타나+ㄴ,VERB,pvg+etm,
ko,7,정확한,정확+하+ㄴ,VERB,ncps+xsm+etm,
ko,7,시각을,시각+을,NOUN,ncn+jco,
ko,7,알아,알+아,VERB,pvg+ecx,
ko,7,냈습니다,내+ㅆ+습니다,VERB,px+ep+ef,
ko,7,.,.,PUNCT,sf,
ko,8,그리고,그리고,CCONJ,maj,
ko,8,그들을,그+들+을,PRON,npp+xsn+jco,
ko,8,배들래에무로,배+들+래+에무+로,ADV,ncn+ncn+jca,
ko,8,보냐며,보+냐+며,VERB,pvg+ecx,
ko,8,가서,가+서,SCONJ,pvg+ecs,
ko,8,그,그,DET,mmd,
ko,8,아기를,아기+를,NOUN,ncn+jco,
ko,8,자세히,자세히,ADV,mag+xsa,
ko,8,찾아보아라,찾+아+보+아라,SCONJ,pvg+ecx+px+ecs,
ko,8,찾으면,찾+으면,SCONJ,pvg+ecs,
ko,8,나에게,나+에게,ADV,npp+jca,
ko,8,알려주어라,알리+어+주+어라,SCONJ,pvg+ecx+px+ecs,
ko,8,나도,나+도,ADV,npp+jxc,
ko,8,가서,가+서,SCONJ,pvg+ecs,
ko,8,그분께,그분+께,PRON,npp+jcs,
ko,8,경배하겠다,경배+하+겠+다,VERB,ncpa+xsv+ep+ef,
ko,8,라고,라고,VERB,pvg+ef+jcr,
ko,8,말했습니다,말하+었+습니다,VERB,pvg+ep+ef,
ko,8,.,.,PUNCT,sf,
ko,9,그들은,그+들+은,PRON,npp+xsn+jxt,
ko,9,왕의,왕+의,NOUN,ncn+jcm,
ko,9,말을,말+을,NOUN,ncpa+jco,
ko,9,듣고,듣+고,CCONJ,pvg+ecc,
ko,9,길을,길+을,NOUN,ncn+jco,
ko,9,떠났습니다,떠나+ㅆ+습니다,VERB,pvg+ep+ef,
ko,9,.,.,PUNCT,sf,
ko,10,보십시오,보+십시오,SCONJ,pvg+ecs,
ko,10,그들이,그+들+이,PRON,npp+xsn+jcs,
ko,10,동쪽에서,동+쪽+에서,ADV,ncn+jca+jca,
ko,10,보았단,보+았+단,VERB,pvg+ep+etm,
ko,10,별이,별+이,NOUN,ncn+jcs,
ko,10,그들,그+들,NOUN,npp+xsn,
ko,10,앞에서,앞+에서,ADV,ncn+jca,
ko,10,인도하여,인도+하+어,SCONJ,ncpa+xsv+ecs,
ko,10,마침내,마침내,ADV,mag,
ko,10,아기가,아기+가,NOUN,ncn+jcs,
ko,10,있는,있+는,ADJ,paa+etm,
ko,10,곳에,곳+에,ADV,ncn+jca,
ko,10,이르러습니다,이르+어+습+습니다,VERB,pvg+ef,
ko,10,.,.,PUNCT,sf,
ko,11,그,그,DET,mmd,
ko,11,별을,별+을,NOUN,ncn+jco,
ko,11,보자,보+자,SCONJ,pvg+ecs,
ko,11,그들은,그+들+은,PRON,npp+xsn+jxt,
ko,11,매우,매우,ADV,mag,
ko,11,기뻐했습니다,기뻐하+었+습니다,VERB,pvg+ep+ef,
ko,11,.,.,PUNCT,sf,
ko,12,그들은,그+들+은,PRON,npp+xsn+jxt,
ko,12,집에,집+에,ADV,ncn+jca,
ko,12,들어가,들+어+가+아,SCONJ,pvg+ecx+px+ecs,
ko,12,아기와,아기+와,CCONJ,ncn+jcj,
ko,12,그의,그+의,PRON,npp+jcm,
ko,12,어머니,어머니,NOUN,ncn,
ko,12,마리아를,마리아+를,NOUN,ncn+jco,
ko,12,보고,보+고,CCONJ,pvg+ecc,
ko,12,엎드려,엎드리+어,SCONJ,pvg+ecs,
ko,12,경배했습니다,경배+하+었+습니다,VERB,ncpa+xsv+ep+ef,
ko,12,.,.,PUNCT,sf,
ko,13,그들은,그+들+은,PRON,npp+xsn+jxt,
ko,13,봄을,봄+을,NOUN,ncn+jco,
ko,13,상자를,상자+를,NOUN,ncn+jco,
ko,13,열어,열+어,SCONJ,pvg+ecs,
ko,13,아기에게,아기+에게,ADV,ncn+jca,
ko,13,근과,근+과,CCONJ,ncn+jcj,
ko,13,유향과,유향+과,CCONJ,ncn+jcj,
ko,13,모략을,모략+을,NOUN,ncn+jco,
ko,13,옛물,옛물,NOUN,ncn,
ko,13,로,로,ADP,jca,
ko,13,들였습니다,들이+었+습니다,VERB,pvg+ep+ef,
ko,13,.,.,PUNCT,sf,
ko,14,꿈에서,꿈+에서,ADV,ncn+jca,
ko,14,헤로세게,헤로세+게,SCONJ,pvg+ecs,
ko,14,돌아가지,돌아가+지,VERB,pvg+ecx+px+ecx,
ko,14,말라는,말+라는,VERB,px+etm,
ko,14,경고를,경고+를,NOUN,ncpa+jco,
ko,14,받고,받+고,CCONJ,pvg+ecc,
ko,14,다른,다르+ㄴ,ADJ,paa+etm,
ko,14,길로,길+로,ADV,ncn+jca,
ko,14,자기,자기,PRON,npp,
ko,14,나라로,나라+로,ADV,ncn+jca,
ko,14,돌아갔습니다,돌아가+ㅆ+습니다,VERB,pvg+ecx+px+ep+ef,
ko,14,.,.,PUNCT,sf,
ko,15,그들이,그+들+이,PRON,npp+xsn+jcs,
ko,15,떠난,떠나+ㄴ,VERB,pvg+etm,
ko,15,후,후,NOUN,ncn,
ko,15,보십시오,보+십시오,VERB,pvg+ef,
ko,15,.,.,PUNCT,sf,
ko,16,주의천사가,주의천사+가,PROPN,nq+jcs,
ko,16,요새,요새,NOUN,ncn,
ko,16,배,배,NOUN,ncn,
ko,16,꿈에,꿈+에,ADV,ncn+jca,
ko,16,나타나,나타나+아,VERB,pvg+ecx,
ko,16,말했습니다,말하+었+습니다,VERB,px+ep+ef,
ko,16,.,.,PUNCT,sf,
ko,17,일어나,일어나+아,SCONJ,pvg+ecs,
ko,17,아기와,아기+와,CCONJ,ncn+jcj,
ko,17,그의,그+의,PRON,npp+jcm,
ko,17,어머니를,어머니+를,NOUN,ncn+jco,
ko,17,데리고,데리+고,CCONJ,pvg+ecc,
ko,17,이,이,DET,mmd,
ko,17,집트로,집트+로,ADV,ncn+jca,
ko,17,피난하여,피난+하+어,SCONJ,ncpa+xsv+ecs,
ko,17,내가,내+가,PRON,npp+jcs,
ko,17,너에게,너+에게,ADV,npp+jca,
ko,17,말할,말하+ㄹ,VERB,pvg+etm,
ko,17,때까지,때+까지,ADV,ncn+jxc,
ko,17,거기에,거기+에,ADV,npd+jca,
ko,17,머물러라,머무르+어,SCONJ,pvg+ecs,
ko,17,헤로시,헤로시,ADV,mag,
ko,17,아기를,아기+를,NOUN,ncn+jco,
ko,17,찾아,찾+아,SCONJ,pvg+ecs,
ko,17,주기려,주기+려,VERB,pvg+ecx,
ko,17,할,하,AUX,px+etm,
ko,17,것이다,것+이+다,VERB,nbn+jp+ef,
ko,17,.,.,PUNCT,sf,
ko,18,요새,요새,NOUN,ncn,
ko,18,분,분,NOUN,nbn,
ko,18,일어나,일어나+아,SCONJ,pvg+ecs,
ko,18,밤에,밤+에,ADV,ncn+jca,
ko,18,아기와,아기+와,CCONJ,ncn+jcj,
ko,18,그의,그+의,PRON,npp+jcm,
ko,18,어머니를,어머니+를,NOUN,ncn+jco,
ko,18,데리고,데리+고,CCONJ,pvg+ecc,
ko,18,이,이,DET,mmd,
ko,18,집트로,집트+로,ADV,ncn+jca,
ko,18,가서,가+서,SCONJ,pvg+ecs,
ko,18,헤로시,헤로시,ADV,mag,
ko,18,죽을,죽+ㄹ,VERB,pvg+etm,
ko,18,때까지,때+까지,ADV,ncn+jxc,
ko,18,거기에,거기+에,ADV,npd+jca,
ko,18,머물러습니다,머무르+어니다,VERB,pvg+ef,
ko,18,.,.,PUNCT,sf,
ko,19,이는,이+는,PRON,npd+jxt,
ko,19,죽게서,죽+게서,SCONJ,pvg+ecs,
ko,19,예언자를,예언자+를,NOUN,ncn+jco,
ko,19,통해,통하+어,SCONJ,pvg+ecs,
ko,19,말씀하신,말씀+하+시+ㄴ,VERB,ncpa+xsv+ep+etm,
ko,19,내가,내+가,PRON,npp+jcs,
ko,19,내,내,PRON,npp,
ko,19,아들을,아들+을,NOUN,ncn+jco,
ko,19,이,이,DET,mmd,
ko,19,집트에서,집트+에서,ADV,ncn+jca,
ko,19,불러냈다,불러내+ㅆ+다,VERB,pvg+ecx+px+ep+ef,
ko,19,는,늘+ㄴ,VERB,pvg+etm,
ko,19,말씀이,말씀+이,NOUN,ncpa+jcs,
ko,19,이루어지게,이루+어+지+게,VERB,pvg+ecx+px+ecx,
ko,19,하려함,하려+하+ㅁ,VERB,pvg+etn,
ko,19,이었습니다,잇+었+습니다,VERB,pvg+ep+ef,
ko,19,.,.,PUNCT,sf,
ko,20,헤로슨,헤로슨,PROPN,nq,
ko,20,동방박사들이,동방+박사+들+이,NOUN,ncn+ncn+xsn+jcs,
ko,20,자기를,자기+를,PRON,npp+jco,
ko,20,조롱한,조롱+하+ㄴ,VERB,ncpa+xsv+etm,
ko,20,것을,것+을,NOUN,nbn+jco,
ko,20,알고,알+고,CCONJ,pvg+ecc,
ko,20,몹시,몹시,ADV,mag,
ko,20,노하여,노하+어,SCONJ,pvg+ecs,
ko,20,사람들을,사람+들+을,NOUN,ncn+xsn+jco,
ko,20,보내어,보내+어,SCONJ,pvg+ecs,
ko,20,베들레앰과,베들레앰+과,CCONJ,nq+jcj,
ko,20,그,그,DET,mmd,
ko,20,주변,주변,NOUN,ncn,
ko,20,지역에,지역+에,ADV,ncn+jca,
ko,20,있는,있+는,ADJ,paa+etm,
ko,20,두,두,NUM,nnc,
ko,20,살이하의,살이+하+의,NOUN,ncn+jcm,
ko,20,모든,모든,ADJ,mma,
ko,20,남자,남자,NOUN,ncn,
ko,20,아이들을,아이+들+을,NOUN,ncn+xsn+jco,
ko,20,동방박사들이,동방+박사+들+이,NOUN,ncn+ncn+xsn+jcs,
ko,20,말한,말하+ㄴ,VERB,pvg+etm,
ko,20,정확한,정확+하+ㄴ,VERB,ncps+xsm+etm,
ko,20,시기에,시기+에,ADV,ncn+jca,
ko,20,맞춰,맞추+어,VERB,pvg+ecx,
ko,20,죽였습니다,죽이+었+습니다,VERB,px+ep+ef,
ko,20,.,.,PUNCT,sf,
ko,21,이로서,이+로서,ADV,npd+jca,
ko,21,예르미아,예르미아,PROPN,nq,
ko,21,선지자가,선지자+가,NOUN,ncn+jcs,
ko,21,예언한,예언+하+ㄴ,VERB,ncpa+xsv+etm,
ko,21,말씀이,말씀+이,NOUN,ncpa+jcs,
ko,21,이루어졌습니다,이루+어+지+었+습니다,VERB,pvg+ecx+px+ep+ef,
ko,21,.,.,PUNCT,sf,
ko,22,남아에서,남아오+아서,ADV,ncn+jca,
ko,22,소리가,소리+가,NOUN,ncpa+jcs,
ko,22,들린이,들리+ㄴ이,SCONJ,pvg+ecs,
ko,22,통곡과,통곡+과,CCONJ,ncn+jcj,
ko,22,슬픔의,슬픔+의,NOUN,ncn+jcm,
ko,22,소리라,소리+이+라,VERB,ncn+jp+etm,
ko,22,나혈이,나혈+이,NOUN,ncn+jcs,
ko,22,자기,자기,PRON,npp,
ko,22,자식들을,자식+들+을,NOUN,ncn+xsn+jco,
ko,22,위하여,위하+어,SCONJ,pvg+ecs,
ko,22,울며,울+며,CCONJ,pvg+ecc,
ko,22,그들이,그+들+이,PRON,npp+xsn+jcs,
ko,22,없어졌으므로,없+어+지+었+으므로,SCONJ,pvg+ecx+px+ep+ecs,
ko,22,위로,위+로,ADV,ncn+jca,
ko,22,맞지,맞+지,VERB,pvg+ecx,
ko,22,못하리라,못하+리라,SCONJ,px+ecs,
ko,22,헤로시,헤로시,ADV,mag,
ko,22,죽은,죽+ㄴ,VERB,pvg+etm,
ko,22,후에,후+에,ADV,ncn+jca,
ko,22,주의천사가,주의천사+가,PROPN,nq+jcs,
ko,22,이,이,DET,mmd,
ko,22,집트에,집트+에,ADV,ncn+jca,
ko,22,있는,있+는,ADJ,paa+etm,
ko,22,요새,요새,NOUN,ncn,
ko,22,배,배,NOUN,ncn,
ko,22,꿈에,꿈+에,ADV,ncn+jca,
ko,22,나타나,나타나+아,SCONJ,pvg+ecs,
ko,22,이르되,이르+되,SCONJ,pvg+ecs,
ko,22,일어나,일어나+아,SCONJ,pvg+ecs,
ko,22,그,그,DET,mmd,
ko,22,어린아이와,어린아이+와,CCONJ,ncn+jcj,
ko,22,그의,그+의,PRON,npp+jcm,
ko,22,어머니를,어머니+를,NOUN,ncn+jco,
ko,22,데리고,데리+고,CCONJ,pvg+ecc,
ko,22,이스라일,이스라+이+ㄹ,VERB,ncn+jp+etm,
ko,22,땅으로,땅+으로,ADV,ncn+jca,
ko,22,가라,가+라,SCONJ,pvg+ecs,
ko,22,그,그,DET,mmd,
ko,22,어린아이를,어린아이+를,NOUN,ncn+jco,
ko,22,죽이려던,죽이+려던,VERB,pvg+etm,
ko,22,자들이,자+들+이,NOUN,nbn+xsn+jcs,
ko,22,죽어,죽+어,SCONJ,pvg+ecs,
ko,22,는이라,는이+라,VERB,ncn+jp+etm,
ko,22,예습께서,예습+께서,NOUN,ncn+jcs,
ko,22,일어나,일어나+아,SCONJ,pvg+ecs,
ko,22,어린아이와,어린아이+와,CCONJ,nq+jcj,
ko,22,그의,그+의,PRON,npp+jcm,
ko,22,어머니를,어머니+를,NOUN,ncn+jco,
ko,22,데리고,데리+고,CCONJ,pvg+ecc,
ko,22,이스라일,이스라+이+ㄹ,VERB,ncn+jp+etm,
ko,22,땅으로,땅+으로,ADV,ncn+jca,
ko,22,가셨다,가+셨+다,SCONJ,pvg+ep+ecs,
ko,22,그러나,그러나,ADV,mag,
ko,22,헤로세,헤로세,PROPN,nq,
ko,22,뒤를,뒤+를,NOUN,ncn+jco,
ko,22,이어,잇+어,SCONJ,pvg+ecs,
ko,22,아르케라우가,아르케라우+가,PROPN,nq+jcs,
ko,22,유대를,유대+를,NOUN,ncn+jco,
ko,22,다스리고,다스리+고,VERB,pvg+ecx,
ko,22,있다는,있,AUX,px+etm,
ko,22,소식을,소식+을,NOUN,ncn+jco,
ko,22,듣고는,듣+고+는,NOUN,pvg+ecs+jxt,
ko,22,그곳으로,그곳+으로,ADV,ncn+jca,
ko,22,가기를,가+기+를,NOUN,pvg+etn+jco,
ko,22,두려워하셨다,두려워하+셨+다,SCONJ,pvg+ep+ecs,
ko,22,꿈에서,꿈+에서,ADV,ncn+jca,
ko,22,경고를,경고+를,NOUN,ncpa+jco,
ko,22,받으시고,받+으시+고,CCONJ,pvg+ep+ecc,
ko,22,갈릴리,갈릴리,PROPN,nq,
ko,22,지방으로,지방+으로,ADV,ncn+jca,
ko,22,물러가,물러+가,PROPN,nq+jcs,
ko,22,나사레디라는,나사레+디라는,VERB,ncn+jp+etm,
ko,22,도시에,도시+에,ADV,ncn+jca,
ko,22,이르러,이르+어,SCONJ,pvg+ecs,
ko,22,사셨다,사+셨+다,SCONJ,pvg+ep+ecs,
ko,22,이는,이+는,PRON,npd+jxt,
ko,22,선지자들이,선지자+들+이,NOUN,ncn+xsn+jcs,
ko,22,예언한,예언+하+ㄴ,VERB,ncpa+xsv+etm,
ko,22,그는,그+는,PRON,npp+jxt,
ko,22,나사래,나사래,NOUN,ncn,
ko,22,사람이라,사람+이+라,VERB,ncn+jp+ef,
ko,22,불릴,불리+ㄹ,VERB,pvg+etm,
ko,22,것이다,것+이+다,VERB,nbn+jp+ef,
ko,22,라는,이,VERB,pvg+etm,
ko,22,말씀이,말씀+이,NOUN,ncpa+jcs,
ko,22,이루어지게,이루+어+지+게,VERB,pvg+ecx+px+ecx,
ko,22,하려,하+려,AUX,px+ecs,
ko,22,하심이었다,하심+이+었+다,VERB,ncn+jp+ep+ef,
